품목명,제조사명,image_url,맞는지 확인 표시 ( 0 / 1) 틀림/맞음,틀리면 링크달기,로고있어도빼!!!!!!!!!!!!!!!!!!!!!!!!!!!!!!!!
후레쉬베리 요거트베리,(주)오리온 제2익산공장,https://shopping-phinf.pstatic.net/main_5441736/54417363905.20250425154931.jpg,1,,
화이트하임,(주)크라운제과,https://shopping-phinf.pstatic.net/main_5335163/53351632651.20250304150423.jpg,1,,
화이트쿠키 빼빼로,롯데웰푸드(주),https://shopping-phinf.pstatic.net/main_5964861/59648617086.20260414003520.jpg,0 로고,,
허니버터칩,해태가루비(주)제2공장,https://shopping-phinf.pstatic.net/main_5337369/53373693833.20250305155842.jpg,1,,
해태 사브레,해태제과식품(주),https://shopping-phinf.pstatic.net/main_9093343/90933438508.1.jpg,1,,
핫고래밥 매콤양념맛,(주)오리온 제2익산공장,https://shopping-phinf.pstatic.net/main_5346513/53465133198.20250310113840.jpg,1,,
프레첼허니향머스타드맛,㈜위너스,https://shopping-phinf.pstatic.net/main_5348893/53488933597.20250311093040.jpg,,,
프레첼갈릭버터맛,(주)위너스,https://shopping-phinf.pstatic.net/main_8344358/83443588226.1.jpg,1,,
프레첼 먹태 청양마요맛,주식회사 위너스,https://shopping-phinf.pstatic.net/main_9093121/90931212438.jpg,,,
포테토칩 오리지널,(주)농심,https://shopping-phinf.pstatic.net/main_5339326/53393266676.20250306150429.jpg,1,,
포카칩 오리지널,(주)오리온,https://shopping-phinf.pstatic.net/main_5322931/53229315374.20250226143318.jpg,1,,
포카칩 어니언맛,(주)오리온,https://shopping-phinf.pstatic.net/main_5322948/53229488020.20250226150323.jpg,1,,
포스틱,(주)농심,https://shopping-phinf.pstatic.net/main_8344379/83443790649.2.jpg,1,,
파로 저당 단백칩,(주)삼아인터내셔날,https://shopping-phinf.pstatic.net/main_5968017/59680172113.jpg,1,,
통크 초코,(주)오리온,https://shopping-phinf.pstatic.net/main_5853630/58536306576.20260116151804.jpg,1,,
옹실한 칠곡쿠키,(주)크라운제과,https://shopping-phinf.pstatic.net/main_5800938/58009385220.20251203234209.jpg,1,,
쿠크슈몬 화이트,(주)크라운제과,https://shopping-phinf.pstatic.net/main_5782635/57826359932.20251119163028.jpg,1,,
쿠크슈몬 커피,(주)크라운제과,https://shopping-phinf.pstatic.net/main_5838319/58383192088.20260104212436.jpg,1,,
쿠쉬쿠쉬 크루아상맛,(주)오리온,https://shopping-phinf.pstatic.net/main_5958815/59588153353.20260408153701.jpg,1,,
카라멜 메이플콘,(주)크라운제과,https://shopping-phinf.pstatic.net/main_9028621/90286213282.1.jpg,1,,
치즈톡 달콤치즈맛,농업회사법인 오리온농협 주식회사,https://shopping-phinf.pstatic.net/main_5339431/53394317001.20250306165748.jpg,1,,
치즈먹은 공룡,(주) 청우식품,https://shopping-phinf.pstatic.net/main_9097610/90976102748.jpg,1,,
쵸코하임,(주)크라운제과,https://shopping-phinf.pstatic.net/main_8359785/83597857316.2.jpg,1,,
참크래커,(주)크라운제과,https://shopping-phinf.pstatic.net/main_8344377/83443779163.6.jpg,1,,
참 알프스,(주)크라운제과,https://shopping-phinf.pstatic.net/main_5810040/58100401589.20251211102359.jpg,1,,
찰떡쿠키 오리지널,(주)청우식품,https://shopping-phinf.pstatic.net/main_5689021/56890218510.20250923153538.jpg,1,,
쫄병 안성탕면맛,(주)농심,https://shopping-phinf.pstatic.net/main_5346607/53466075024.20250310135957.jpg,1,,
쫄병 숯불바베큐맛,(주)농심,https://shopping-phinf.pstatic.net/main_5341038/53410382344.20250307102452.jpg,1,,
쫄병 매콤한맛,(주)농심,https://shopping-phinf.pstatic.net/main_5339107/53391074728.20250306113857.jpg,1,,
죠리퐁 마시멜로,(주)크라운제과,https://shopping-phinf.pstatic.net/main_5331772/53317728910.20250303152117.jpg,1,,
죠리퐁,(주)크라운제과,https://shopping-phinf.pstatic.net/main_8343946/83439468763.1.jpg,1,,
조청유과,(주)농심,https://shopping-phinf.pstatic.net/main_5571176/55711765435.20250709111233.jpg,1,,
제로 쿠앤크 샌드,롯데웰푸드(주),https://shopping-phinf.pstatic.net/main_5798891/57988916744.20251202095947.jpg,1,,
쟈키쟈키,(주)빙그레,https://www.bing.co.kr/upload/product/taste_zaki_original.png,0,,
자주 꾀돌이,광일제과,https://shopping-phinf.pstatic.net/main_9084952/90849520972.jpg,1,,
인디안밥,(주)농심,https://shopping-phinf.pstatic.net/main_8792583/87925838706.1.jpg,1,,
이지프로틴 고단백질 감자칩 소금빵맛,롯데웰푸드(주),https://shopping-phinf.pstatic.net/main_5349180/53491808500.20250311160538.jpg,1,,
이지프로틴 고단백질 감자칩 매콤치즈맛,롯데웰푸드(주),https://shopping-phinf.pstatic.net/main_5349180/53491808480.20250311160334.jpg,1,,
유자치즈케익,(주)청우식품,https://shopping-phinf.pstatic.net/main_5810040/58100401312.20251211102351.jpg,1,,
우유먹은 공룡,(주) 청우식품,https://shopping-phinf.pstatic.net/main_5979210/59792108562.jpg,1,,
옥수수 에이플러스콘,(주)광일식품,https://shopping-phinf.pstatic.net/main_5790515/57905158755.20251125151042.jpg,1,,
오징어톡 구운오징어맛,농업회사법인오리온농협(주),https://shopping-phinf.pstatic.net/main_5963991/59639917075.20260413001318.jpg,1,,
오징어집(버터구이맛),(주)농심,https://shopping-phinf.pstatic.net/main_5970754/59707542020.20260418010151.jpg,1,,
예감 볶은양파맛,(주)오리온,https://shopping-phinf.pstatic.net/main_5346724/53467242168.20250310155050.jpg,,,
예감,(주)오리온,https://shopping-phinf.pstatic.net/main_8344398/83443986952.1.jpg,,,
엄마손파이,롯데웰푸드주식회사,https://shopping-phinf.pstatic.net/main_8344347/83443470462.1.jpg,,,
양파링 오리지널,(주)농심,https://shopping-phinf.pstatic.net/main_5331769/53317698500.20250303150751.jpg,,,
야채타임,(주)빙그레,https://shopping-phinf.pstatic.net/main_5350665/53506652577.20250312101557.jpg,,,
쌀로칩 들기름 김맛,롯데웰푸드주식회사,https://shopping-phinf.pstatic.net/main_9041822/90418220736.jpg,,,
쌀떡볶이,(주)코스모스제과,https://shop-phinf.pstatic.net/20240604_143/1717472817586dHJc0_PNG/118608716271379640_1350857246.png?type=o1000,,,
스낵24 두부과자,(주)코스모스제과,https://shopping-phinf.pstatic.net/main_5421472/54214721246.204.jpg,,,
수미칩 오리지널,(주)농심,https://shopping-phinf.pstatic.net/main_5350651/53506511310.20250312094603.jpg,,,
서주 버터와플,서주제과(주),https://shopping-phinf.pstatic.net/main_3513058/35130580472.20250327112128.jpg,,,
서주 허쉬 헤이즐넛 와플,서주푸드주식회사,https://shopping-phinf.pstatic.net/main_8749013/87490136383.1.jpg,,,
서주 허쉬 솔티카라멜 와플,서주제과(주),https://shopping-phinf.pstatic.net/main_5911054/59110540302.20260302013836.jpg,,,
서주 포켓 웨하스 그릭요거트,서주제과(주),https://shopping-phinf.pstatic.net/main_8618844/86188444906.jpg,,,
감자칩 케첩맛,해태가루비(주) 제 2공장,https://haitaimall.co.kr/web/product/big/202303/3630760e38a107189b004a1f83692708.jpg,,,
새우깡,(주)농심,https://shopping-phinf.pstatic.net/main_5324861/53248612781.20250227150530.jpg,,,
빼빼로 더블리치 솔티바닐라,롯데웰푸드(주),https://shopping-phinf.pstatic.net/main_5921591/59215915126.20260311115742.jpg,,,
배배,(주)오리온,https://shopping-phinf.pstatic.net/main_5810040/58100401205.20251211102349.jpg,,,
바삭한 갈릭새우칩,미찌푸드(주),https://shopping-phinf.pstatic.net/main_8408119/84081198347.2.jpg,,,
서주 미니 웨하스 바닐라맛,서주제과(주),https://shopping-phinf.pstatic.net/main_5965768/59657680085.20260414120853.jpg,,,
서주 미니 웨하스 딸기맛,서주제과(주),https://shopping-phinf.pstatic.net/main_5969121/59691216317.jpg,,,
메론킥,(주)농심,https://shopping-phinf.pstatic.net/main_8930188/89301886519.1.jpg,,,
먹태깡 청양마요맛,(주)농심,https://shopping-phinf.pstatic.net/main_5335257/53352578232.20250304170325.jpg,1,,
매운새우깡,(주)농심,https://shopping-phinf.pstatic.net/main_8344396/83443960832.2.jpg,,,
맛새우칩,(주)코스모스제과,https://shopping-phinf.pstatic.net/main_5320943/53209438445.20250225115406.jpg,,,
말차하임,(주)크라운제과,https://shopping-phinf.pstatic.net/main_5816418/58164186007.20251216194543.jpg,,,
마라뿌린 치킨팝,농업회사법인 오리온농협 주식회사,https://shopping-phinf.pstatic.net/main_5837811/58378118845.20260104042853.jpg,,,
롯데샌드파인애플,롯데웰푸드(주),https://shopping-phinf.pstatic.net/main_5671019/56710199400.20260418142758.jpg,,,
두부스틱,(주)청우식품,https://cdn.011st.com/11dims/resize/1000x1000/quality/75/11src/product/4025555650/B.jpg?609000000,,,
두부과자 콘소메맛,(주)코스모스제과,https://shopping-phinf.pstatic.net/main_5771600/57716009273.20251110181342.jpg,,,
두부과자 와사비맛,(주)코스모스제과,https://shopping-phinf.pstatic.net/main_5771620/57716203560.20251110181304.jpg,,,
두부과자 야채맛,(주)코스모스제과,,,,
두부과자,(주)코스모스제과,https://shopping-phinf.pstatic.net/main_8404741/84047412488.4.jpg,,,
두바이 스타일 쵸코하임,(주)크라운제과,https://shopping-phinf.pstatic.net/main_5936176/59361762141.jpg,,,
꼬북칩 초코츄러스맛,(주)오리온,https://shopping-phinf.pstatic.net/main_5326665/53266656649.20250228171740.jpg,,,
델로스 카푸치노,(주)청우식품,https://shopping-phinf.pstatic.net/main_5325177/53251770592.20250227230007.jpg,,,
델로스 오리지날,(주)청우식품,https://shopping-phinf.pstatic.net/main_5248332/52483324386.20250115105254.jpg,,,
다이제 샌드 초코스프레드,(주)오리온 제2익산공장,https://shopping-phinf.pstatic.net/main_5958928/59589281873.20260409182633.jpg,,,
카라멜 프레첼,(주)삼아인터내셔날,https://sitem.ssgcdn.com/05/38/01/item/1000647013805_i1_500.jpg,,,
꿀먹은 튀긴 건빵,(주)코스모스제과,https://shopping-phinf.pstatic.net/main_5790518/57905185428.20251125151729.jpg,,,
꾀돌이,광일제과,https://shopping-phinf.pstatic.net/main_5626238/56262387867.20250814152432.jpg,,,
꽃게랑,(주)빙그레,https://shopping-phinf.pstatic.net/main_5350681/53506812257.20250312104245.jpg,,,
삼아 그린티 웨하스,(주)삼아인터내셔날,https://shopping-phinf.pstatic.net/main_4680567/46805678198.20260304104939.jpg,,,
그랑쉘 사과,(주)청우식품,https://shopping-phinf.pstatic.net/main_5972617/59726170925.20260421125001.jpg,,,
그랑쉘 딸기,(주)청우식품,https://shopping-phinf.pstatic.net/main_5810040/58100402057.20251211102416.jpg,,,
국산콩 두부과자,(주)코스모스제과,https://www.csms.co.kr/wp-content/uploads/2022/09/%E1%84%92%E1%85%A9%E1%86%B7%E1%84%91%E1%85%B3%E1%86%AF%E1%84%85%E1%85%A5%E1%84%89%E1%85%B3-%E1%84%83%E1%85%AE%E1%84%87%E1%85%AE%E1%84%80%E1%85%AA%E1%84%8C%E1%85%A1.png,,,
구운양파,해태가루비(주),https://haitaimall.co.kr/web/product/big/202204/992ec8f1d02286ddd14025937733ff5f.jpg,,,
고소미,(주)오리온,https://shopping-phinf.pstatic.net/main_8344398/83443986977.jpg,,,
고르곤졸라치즈소프트콘,(주)에스디씨,https://shopping-phinf.pstatic.net/main_8391570/83915702018.2.jpg,,,
고래밥 볶음양념맛,(주)오리온,https://shopping-phinf.pstatic.net/main_5346482/53464822138.20250310110500.jpg,,,
고구마깡,(주)농심,https://shopping-phinf.pstatic.net/main_5341294/53412942529.20250307145001.jpg,,,
계란과자,(주)청우식품,https://img.danuri.io/catalog-image/655/461/009/e6a3bc6d5ef44719b756ca19c59731fc.jpg?_v=20190909134927,,,
후렌치파이사과,해태제과식품(주),https://shopping-phinf.pstatic.net/main_5610675/5610675233.8.jpg,,,
후렌치파이 매실,해태제과식품(주),https://shopping-phinf.pstatic.net/main_5854238/58542380655.jpg,,,
후렌치파이 단밤,해태제과식품(주),https://shopping-phinf.pstatic.net/main_5668855/56688552753.20250911111102.jpg,,,
후레쉬베리 복숭아,(주)오리온,https://shopping-phinf.pstatic.net/main_5335256/53352561651.20250304165637.jpg,,,
후레쉬베리,(주)오리온 제2익산공장,https://thumbnail.coupangcdn.com/thumbnails/remote/492x492ex/image/retail/images/25960562-2195-458c-8e79-ca490f4be3855945804738465001774.png,,,
홈런볼 피스타치오&카라멜,해태제과식품(주),https://shopping-phinf.pstatic.net/main_5921591/59215917789.20260311121006.jpg,,,
홈런볼 소금우유,해태제과식품(주),https://shopping-phinf.pstatic.net/main_5351001/53510016766.20250312163807.jpg,,,
혼합강정,미성식품,,,,
호박찹쌀약과,주식회사 한울제과,https://thumbnail.coupangcdn.com/thumbnails/remote/492x492ex/image/vendor_inventory/b5dc/bce51d7acc430fd1de2d074896a79b78050f17bac5cbc2680a4422272c4b.jpg,,,
현미뻥,동서제과,,,,
허니버터칩 Castle 갈릭브레드맛,해태가루비(주)제2공장,https://shopping-phinf.pstatic.net/main_5485610/54856108816.20250519095346.jpg,,,
하비스트,롯데웰푸드(주),https://shopping-phinf.pstatic.net/main_5970730/59707306363.20260417224030.jpg,,,
하림 오!늘단백 밀크초코 피스타치오 바,(주)삼아인터내셔날,https://shopping-phinf.pstatic.net/main_5529102/55291027772.232.jpg,,,
플랑 납작복숭아,(주)청우식품,https://shopping-phinf.pstatic.net/main_5354308/53543080716.20250314090246.jpg,,,
플랑,(주)청우식품,https://shopping-phinf.pstatic.net/main_5165865/51658659405.20250531145338.jpg,,,
프레첼체다치즈맛,(주)위너스,https://shopping-phinf.pstatic.net/main_8344358/83443588330.1.jpg,,,
프레첼 사워크림어니언맛,주식회사 위너스,,,,
포테토칩 먹태청양마요맛,(주)농심,https://shopping-phinf.pstatic.net/main_5322577/53225773147.20250226092221.jpg,,,
포키 블루베리,해태제과식품(주),https://shopping-phinf.pstatic.net/main_5326303/53263031111.20250228093557.jpg,,,
포키 극세 멜론,해태제과식품(주)천안2공장,https://shopping-phinf.pstatic.net/main_9082254/90822542320.jpg,,,
포카칩 스윗치즈맛,(주)오리온,https://shopping-phinf.pstatic.net/main_5958681/59586817285.20260408123625.jpg,,,
티젠 티오마카세 말차 와플,서주푸드 주식회사,https://shopping-phinf.pstatic.net/main_5960491/59604917955.20260409190849.jpg,,,
트위스트,(주)코스모스제과,https://www.csms.co.kr/wp-content/uploads/2022/09/down%E1%84%90%E1%85%B3%E1%84%8B%E1%85%B1%E1%84%89%E1%85%B3%E1%84%90%E1%85%B3-55g-%E1%84%83%E1%85%A2%E1%84%91%E1%85%AD.jpg,,,
트러플 감자칩,해태가루비(주) 제 2공장,https://img.danuri.io/catalog-image/595/208/010/a31689321f384d2ab24d12f1ca7e93f1.jpg?_v=20260504115006,,,
태양의 맛! 썬,농업회사법인오리온농협(주),https://shopping-phinf.pstatic.net/main_5976343/59763438289.20260422175136.jpg,,,
태양의 맛! 썬 갈릭바게트맛,농업회사법인오리온농협주식회사,https://shopping-phinf.pstatic.net/main_5976343/59763438289.20260422175136.jpg,,,
크레오파트라 솔트앤와사비,(주)농심,https://shopping-phinf.pstatic.net/main_8965333/89653333161.jpg,,,
크라운산도딸기,(주)크라운제과,https://shopping-phinf.pstatic.net/main_3385954/33859548820.3.jpg,,,
쿠크다스화이트,(주)크라운제과,https://img.danuri.io/catalog-image/479/541/003/aebb9ef4aeec42219e18856884b0fd6b.jpg?_v=20260428140328,,,
쿠크다스케이크,(주)크라운제과,https://shopping-phinf.pstatic.net/main_5952266/59522663019.20260403235311.jpg,,,
쿠크다스커피,㈜크레인제과,https://shopping-phinf.pstatic.net/main_5966253/59662533613.20260417150954.jpg,,,
쿠크다스 딸기,(주)크라운제과,https://shopping-phinf.pstatic.net/main_5872813/58728133743.20260130231832.jpg,,,
T STANDARD 콘칩,미찌푸드(주),https://shopping-phinf.pstatic.net/main_5337107/53371074784.20250305114442.jpg,,,
카카오와플,(주)삼아인터내셔날,https://lh4.googleusercontent.com/proxy/so1IbVWfD0RvgCADSCkY2RY-LQLlkonZYghYExtHDpdrerGv6xxBz1UeE9u7XUeQZMaM9lnY34BYDTSVME3Y4XCcgLoS4lGboFyI6JkcOEzJCzWGM0pKXp-kLcehAQ,,,
칙촉,롯데웰푸드주식회사,https://shopping-phinf.pstatic.net/main_5954799/59547998934.20260405215516.jpg,,,
치토스 스모키바베큐맛,롯데제과(주),https://shopping-phinf.pstatic.net/main_5341404/53414049838.20250307171154.jpg,,,
치즈뿌린 치킨팝,농업회사법인오리온농협(주),https://shopping-phinf.pstatic.net/main_5346607/53466075208.20250310142017.jpg,,,
촉촉한초코칩,(주)오리온제2익산공장,https://shopping-phinf.pstatic.net/main_5556203/55562038883.20250630112445.jpg,,,
초코칩쿠키 말차라떼맛,(주)오리온제2익산공장,https://shopping-phinf.pstatic.net/main_5957161/59571616873.20260407112027.jpg,,,
그린티포레 휘낭시에,깐깐제과,,,,
초이스엘 왕소라형 과자,(주)코스모스제과,https://lottemartzetta.com/images-v3/932dcbc7-fca8-4d43-bcde-f73d1ce3cc7d/98994c2b-b064-48e5-b6df-f89d5b0c2bc5/500x500.jpg,,,
체다치즈볼,(주)에스디씨,https://shopping-phinf.pstatic.net/main_8742422/87424226699.jpg,,,
찹쌀약과,한울제과,,,,
참깨스틱 진,(주)청우식품,https://shopping-phinf.pstatic.net/main_5341219/53412192873.jpg,,,
참그레인 우리밀,(주)크라운제과,https://shopping-phinf.pstatic.net/main_5112455/51124556485.20250603163719.jpg,,,
찍먹 예감 치폴레마요소스맛,(주)오리온제2익산공장,https://shopping-phinf.pstatic.net/main_5503554/55035546090.20250530163512.jpg,,,
찍먹 예감 짜장불닭마요맛,(주)오리온제2익산공장,https://shopping-phinf.pstatic.net/main_5723292/57232929921.20251015105149.jpg,,,
찍먹 예감 불고기맛,(주)오리온제2익산공장,https://shopping-phinf.pstatic.net/main_5723293/57232930084.20251015105047.jpg,,,
찍먹 예감 갈릭청양마요소스맛,(주)오리온제2익산공장,https://shopping-phinf.pstatic.net/main_5503555/55035558618.20250530163745.jpg,,,
찍먹 나쵸 치폴레마요소스맛,(주)오리온제4청주공장,https://shopping-phinf.pstatic.net/main_5350718/53507181326.20250312112725.jpg,,,
쫄병 짜파게티맛,(주)농심,https://shopping-phinf.pstatic.net/main_5938648/59386485385.20260325140615.jpg,,,
쫀득초코칩딸기,(주)청우식품,https://shopping-phinf.pstatic.net/main_5944759/59447591247.20260329210833.jpg,,,
쫀득초코칩 커피,(주)청우식품,https://shopping-phinf.pstatic.net/main_5372366/53723663294.20250417175647.jpg,,,
쫀득초코칩 초코바나나,(주)청우식품,https://shopping-phinf.pstatic.net/main_5725461/57254617945.20251016205422.jpg,,,
짱이야,(주)코스모스제과,https://www.csms.co.kr/wp-content/uploads/2022/09/down%E1%84%8D%E1%85%A1%E1%86%BC%E1%84%8B%E1%85%B5%E1%84%8B%E1%85%A3-56g-%E1%84%83%E1%85%A2%E1%84%91%E1%85%AD.jpg,,,
짱구,삼양식품(주)원주공장,https://lottemartzetta.com/images-v3/932dcbc7-fca8-4d43-bcde-f73d1ce3cc7d/28a82f60-09c6-440f-a4d4-b9e4bfed25a3/500x500.jpg,,,
제로 쿠앤크 샌드 스트로베리&밀크,롯데웰푸드(주),https://shopping-phinf.pstatic.net/main_5851127/58511277055.20260114190317.jpg,,,
제로 카카오 케이크,롯데웰푸드(주),https://shopping-phinf.pstatic.net/main_5679844/56798441865.20250919153848.jpg,,,
제로 초콜릿칩 쿠키,롯데제과㈜,https://shopping-phinf.pstatic.net/main_5970687/59706878852.20260421030253.jpg,,,
코스모스 두부과자,(주)코스모스제과,https://www.csms.co.kr/wp-content/uploads/2022/09/down%EB%91%90%EB%B6%80%EA%B3%BC%EC%9E%90-135g-%EB%8C%80%ED%91%9C.png,,,
자가비 허니버터맛,해태가루비(주),https://shopping-phinf.pstatic.net/main_5791519/57915194973.45.jpg,,,
자가비 케첩맛,해태가루비(주),https://shopping-phinf.pstatic.net/main_5339440/53394409570.20250306173638.jpg,,,
이마시야 광천 김 두부과자,(주)코스모스제과,https://cntvshop.co.kr/web/product/big/202509/25495e59cdee575066b097bbe5f5e353.jpg,,,
삼아 우유 웨하스,(주)삼아인터내셔날,https://shopping-phinf.pstatic.net/main_8593906/85939060339.8.jpg,,,
우리밀 샤르르와플,(주)삼아인터내셔날,https://shopping-phinf.pstatic.net/main_5810040/58100403903.20251211102521.jpg,,,
삼아 미니 우리밀 웨하스,(주)삼아인터내셔날,https://shopping-phinf.pstatic.net/main_5715232/57152327521.jpg,,,
왕짱구,삼양식품(주),https://img.danuri.io/catalog-image/828/593/005/955a8b2863e347148be83dad5460580b.jpg?_v=20260509085728,,,
와사비새우깡,(주)농심,https://shopping-phinf.pstatic.net/main_5631747/56317471411.20250818090056.jpg,,,
옥수수깡,(주)농심,https://shopping-phinf.pstatic.net/main_5348941/53489411368.20250311104629.jpg,,,
옥수수 고추맛콘,(주)광일식품,https://image.homeplus.kr/td/5270bad6-ea4c-46d4-aa95-9d43018fc279,,,
옥수수 미니콘,(주)광일식품,https://shopping-phinf.pstatic.net/main_5791704/57917042262.20251126093622.jpg,,,
오프라이스 나쵸칩 오리지널,미찌푸드주식회사,https://shopping-phinf.pstatic.net/main_5770688/57706884292.20251110150522.jpg,,,
오사쯔,해태제과식품(주),https://shopping-phinf.pstatic.net/main_5331836/53318369816.20250305142033.jpg,,,
오리지널 나쵸,미찌푸드(주),https://shopping-phinf.pstatic.net/main_5324656/53246562611.20250227104827.jpg,,,
오리지널 콘칩,미찌푸드주식회사,https://shopping-phinf.pstatic.net/main_5805207/58052079056.20251207102603.jpg,,,
오리온 카스타드 딸기생크림,(주)오리온제4청주공장,https://shopping-phinf.pstatic.net/main_5899501/58995013754.jpg,,,
오란다,(주)광일식품,https://cdn.011st.com/11dims/resize/600x600/quality/75/11src/product/1327098267/B.jpg?584000000,,,
오뜨 치즈,(주)오리온,https://shopping-phinf.pstatic.net/main_5335305/53353055628.20250304175838.jpg,,,
찍먹 오!감자 양념바베큐소스맛,(주)오리온,https://shopping-phinf.pstatic.net/main_5958073/59580730777.jpg,,,
오!감자 감자그라탕맛,(주)오리온,https://shopping-phinf.pstatic.net/main_5878176/58781766463.jpg,,,
예감 치즈그라탕맛,(주)오리온,https://shopping-phinf.pstatic.net/main_8693037/86930374940.jpg,,,
에이스,해태제과식품(주),https://shopping-phinf.pstatic.net/main_8924476/89244769868.jpg,,,
엄마손파이 스윗버터갈릭,롯데웰푸드주식회사,https://shopping-phinf.pstatic.net/main_5810044/58100445081.20251211103939.jpg,,,
양념치킨맛 새우칩,(주)코스모스제과,https://shopping-phinf.pstatic.net/main_5852245/58522453184.jpg,,,
애플샌드,(주)크라운제과,https://shopping-phinf.pstatic.net/main_5810040/58100401853.20251211102410.jpg,,,
쌀새우깡,(주)농심,https://shopping-phinf.pstatic.net/main_8344350/83443502780.3.jpg,,,
쌀강정,미성식품,,,,
식자재왕 트위스트과자,(주)코스모스제과,https://shopping-phinf.pstatic.net/main_8461163/84611631732.jpg,,,
스트로베리&밀크 빼빼로,롯데웰푸드(주),https://shopping-phinf.pstatic.net/main_5900551/59005519204.jpg,,,
스윙칩 볶음고추장맛,(주)오리온,https://shopping-phinf.pstatic.net/main_4326831/43268315397.3.jpg,,,
스모키베이컨칩,(주)빙그레,https://shopping-phinf.pstatic.net/main_5348934/53489341479.20250311104312.jpg,,,
스낵24 왕새우칩,(주)코스모스제과,https://shopping-phinf.pstatic.net/main_8903755/89037552690.3.jpg,,,
스낵24 辛쌀떡볶이,(주)코스모스제과,https://shopping-phinf.pstatic.net/main_5742821/57428218002.1.jpg,,,
솔티드 라지 프레첼,주식회사 위너스,https://shopping-phinf.pstatic.net/main_5771552/57715521039.jpg,,,
서주딸기웨하스,서주제과(주),https://shopping-phinf.pstatic.net/main_5316534/53165343682.20250223001948.jpg,,,
서주 허쉬 초코 와플,서주푸드 주식회사,https://shopping-phinf.pstatic.net/main_5848094/58480942197.20260113003948.jpg,,,
서주 허쉬 제로슈가초코와플,서주푸드 주식회사,https://shopping-phinf.pstatic.net/main_5797033/57970339008.jpg,,,
서주 허쉬 감귤 와플,서주푸드주식회사,https://shopping-phinf.pstatic.net/main_8970869/89708698266.jpg,,,
서주 포켓 허니버터 와플,서주제과(주),https://shopping-phinf.pstatic.net/main_5969004/59690044166.jpg,,,
서주 포켓 웨하스 초코바나나,서주제과(주),https://shopping-phinf.pstatic.net/main_5819809/58198098910.jpg,,,
서주 포켓 웨하스 초코,서주제과(주),https://shopping-phinf.pstatic.net/main_5930850/59308504841.2.jpg,,,
생생감자칩 트러플크림파스타맛,해태가루비(주)제2공장,https://thumbnail.coupangcdn.com/thumbnails/remote/492x492ex/image/vendor_inventory/8b81/42321b399e14acf2f0e1f9a31432d80b04befd062577bdb26772d5f1ffb2.png,,,
생생감자칩 오사쯔맛,해태가루비(주)제2공장,https://shopping-phinf.pstatic.net/main_5723297/57232974633.20251015110752.jpg,,,
생생감자칩 스리라차마요맛,해태가루비(주)제2공장,https://shopping-phinf.pstatic.net/main_5798897/57988979816.20251202101712.jpg,,,
새우깡지퍼백,(주)농심,https://shopping-phinf.pstatic.net/main_8981898/89818980095.jpg,,,
새우깡블랙,(주)농심,https://shopping-phinf.pstatic.net/main_8348085/83480853672.6.jpg,,,
새우깡 옐로,(주)농심,https://shopping-phinf.pstatic.net/main_9040888/90408889027.jpg,,,
새우깡 그린,(주)농심,https://shopping-phinf.pstatic.net/main_8606409/86064099697.jpg,,,
삼양 흰둥이짱구,삼양식품(주),https://shopping-phinf.pstatic.net/main_5622229/56222296919.jpg,,,
사또밥,삼양식품(주)원주공장,https://shopping-phinf.pstatic.net/main_8344382/83443826968.1.jpg,,,
뽀또치즈타르트,(주)크라운제과,https://shopping-phinf.pstatic.net/main_5665805/56658052040.20250910004513.jpg,,,
빵부장 말차빵,(주)농심,https://shopping-phinf.pstatic.net/main_5810425/58104254138.20251211172134.jpg,,,
빠다코코낫,롯데웰푸드(주),https://shopping-phinf.pstatic.net/main_5848818/58488180715.20260113152117.jpg,,,
비엔나 야채타임,(주)빙그레,https://shopping-phinf.pstatic.net/main_5886366/58863669563.jpg,,,
비비고 포테이토 김스낵,씨제이씨푸드(주),https://shopping-phinf.pstatic.net/main_5936674/59366748179.jpg,,,
비비고 스위트콘 김스낵,씨제이씨푸드(주),https://shop3.daumcdn.net/shophow/p/H36081401582.jpg?ut=20260413075630&type=thumb&opt=R500x500.q90,,,
비비고 김스낵 오리지널,씨제이씨푸드(주),https://shopping-phinf.pstatic.net/main_5936670/59366703444.jpg,,,
블랙페퍼구운미니바게트,(주)광일식품,https://shopping-phinf.pstatic.net/main_5960294/59602941670.jpg,,,
붕붕붕 꼬마버스 타요,해태제과식품㈜광주공장,https://shopping-phinf.pstatic.net/main_2079408/20794086523.20230911155458.jpg,,,
부드러운 두부와플,(주)삼아인터내셔날,https://shopping-phinf.pstatic.net/main_5904913/59049131547.20260225175435.jpg,,,
별뽀빠이,삼양식품(주),https://shopping-phinf.pstatic.net/main_5910218/59102183262.jpg,,,
서주 미니 베리베리스트로베리 웨하스,서주제과(주),https://shopping-phinf.pstatic.net/main_5775449/57754494195.20251113164213.jpg,,,
버터와플 with 이즈니생메르 버터,(주)크라운제과,https://shopping-phinf.pstatic.net/main_5977743/59777438017.20260425005936.jpg,,,
버터앤쉘터 버터와플,서주제과(주),https://tqklhszfkvzk6518638.edge.naverncp.com/product/8801725002339.jpg,,,
버터갈릭새우칩,(주)코스모스제과,https://shopping-phinf.pstatic.net/main_5763510/57635102151.20251107113017.jpg,,,
발효보리건빵,(주)청우식품,https://shopping-phinf.pstatic.net/main_5837701/58377016487.20260104000609.jpg,,,
밀크카라멜팝콘,(주)바프,https://shopping-phinf.pstatic.net/main_5937875/59378753742.20260324231518.jpg,,,
미쯔블랙,(주)오리온,https://shopping-phinf.pstatic.net/main_5959857/59598579971.20260409101417.jpg,,,
미니참깨스틱,(주) 청우식품,https://shopping-phinf.pstatic.net/main_5938648/59386484101.20260325140556.jpg,,,
삼아 미니 바닐라 웨하스,(주)삼아인터내셔날,https://shopping-phinf.pstatic.net/main_5861645/58616456238.20260122190441.jpg,,,
무뚝뚝 감자칩 통후추 소금맛,(주)오리온,https://shopping-phinf.pstatic.net/main_5178902/51789023711.15.jpg,,,
무뚝뚝 고구마칩,㈜오리온 제2 익산공장,https://shopping-phinf.pstatic.net/main_8795715/87957152139.1.jpg,,,
무뚝뚝 감자칩 올리브앤솔트맛,(주)오리온제2익산공장,https://shopping-phinf.pstatic.net/main_5642159/56421599963.20250825110645.jpg,,,
무뚝뚝 감자칩 갈릭솔트맛,(주)오리온 제2익산공장,https://shopping-phinf.pstatic.net/main_5786228/57862284535.jpg,,,
못말리는 신짱 가마솥 누룽지맛,미찌푸드 주식회사,https://shopping-phinf.pstatic.net/main_5905324/59053243489.20260225224120.jpg,,,
말차 프레첼,(주)삼아인터내셔날,https://shopping-phinf.pstatic.net/main_5238012/52380129559.jpg,,,
마켓오 크림치즈 브라우니,(주)오리온제2익산공장,https://shopping-phinf.pstatic.net/main_5960292/59602926210.20260409164104.jpg,,,
마가렛트 구운모카,롯데제과㈜,https://shopping-phinf.pstatic.net/main_5689193/56891935569.20250923172106.jpg,,,
롯샌 파스퇴르 순우유맛,롯데웰푸드(주),https://shopping-phinf.pstatic.net/main_5928821/59288210954.20260317170618.jpg,,,
카라멜콘 땅콩,주식회사위너스,https://shopping-phinf.pstatic.net/main_5350949/53509499628.20250312160005.jpg,,,
두부칩,(주)코스모스제과,,,,
도리토스나쵸치즈맛,롯데웰푸드주식회사,https://shopping-phinf.pstatic.net/main_5341018/53410181879.20250307093906.jpg,,,
도도한나쵸 사워크림&어니언맛,(주)오리온제4청주공장,https://shopping-phinf.pstatic.net/main_1530837/15308378364.5.jpg,,,
도도한 나쵸 치즈맛,(주)오리온제4청주공장,https://shopping-phinf.pstatic.net/main_5348969/53489698970.20250311113317.jpg,,,
닭다리후라이드치킨,(주)농심,https://m.nongshimmall.com/web/product/big/202407/db27f882945fca0b9a6a2e760593e59e.jpg,,,
닭다리핫숯불바베큐,(주)농심,https://shopping-phinf.pstatic.net/main_5330451/53304517015.20250302222754.jpg,,,
닭다리너겟,(주)농심,https://shopping-phinf.pstatic.net/main_5341018/53410184760.20250307095148.jpg,,,
단백질칩 칠리살사맛,(주)오리온제4청주공장,https://shopping-phinf.pstatic.net/main_5334896/53348967408.20250304092609.jpg,,,
단백질칩 버터구이오징어맛,(주)오리온제4청주공장,https://shopping-phinf.pstatic.net/main_5334896/53348965710.20250304092505.jpg,,,
다이제 샌드 바닐라&밀크,(주)오리온,https://shopping-phinf.pstatic.net/main_5958928/59589281873.20260409182633.jpg,,,
다이제,(주)오리온,https://shopping-phinf.pstatic.net/main_5961870/59618706100.20260410150357.jpg,,,
눈을감자 페퍼솔트맛,(주)오리온,https://shopping-phinf.pstatic.net/main_8818794/88187942945.1.jpg,,,
눈을감자 칠리치즈 프라이즈맛,(주)오리온제2익산공장,https://shopping-phinf.pstatic.net/main_5964578/59645780855.20260413163344.jpg,,,
눈을감자 블랙트러플맛,(주)오리온 제2익산공장,https://img.danuri.io/catalog-image/071/932/028/19446ad4ce1242b7b510917cbf148a0a.jpg?shrink=500:*&_v=20231023175351,,,
누드 크림치즈 빼빼로,롯데제과(주),https://static.megamart.com/product/editor/8801/8801062//_DSC6716--copy.jpg,,,
노브랜드 왕소라형과자,(주)코스모스제과,https://shopping-phinf.pstatic.net/main_8414587/84145877252.3.jpg,,,
노브랜드 고구마형과자,(주)코스모스제과,https://shopping-phinf.pstatic.net/main_8408119/84081198533.2.jpg,,,
피코크 나쵸칩 오리지널,미찌푸드(주),https://img.danuri.io/catalog-image/864/714/004/40c23a46965641d4994a32bfc345ffdc.jpg?_v=20260508080858,,,
나! 유자치즈크림맛,(주)오리온 제2익산공장,https://shopping-phinf.pstatic.net/main_5959918/59599187811.20260409111458.jpg,,,
꽃게랑 불짬뽕,(주)빙그레,https://shopping-phinf.pstatic.net/main_5339014/53390149805.20250306102601.jpg,,,
꽃게랑 김,(주)빙그레,https://shopping-phinf.pstatic.net/main_8320863/83208633246.jpg,,,
꼬북칩 콘스프맛,(주)오리온제4청주공장,https://shopping-phinf.pstatic.net/main_5326665/53266651242.20260403120328.jpg,,,
꼬북칩 카라멜팝콘맛,(주)오리온제5청주공장,https://shopping-phinf.pstatic.net/main_5339239/53392396030.20250306142515.jpg,,,
꼬북칩 초코츄러스맛,(주)오리온 제5청주공장,https://img.danuri.io/catalog-image/663/521/012/2e902f30173b4f548fc283eb959329a0.jpg?shrink=500:*&_v=20260509051257,,,
꼬북칩 말차초코맛,(주)오리온 제5청주공장,https://shopping-phinf.pstatic.net/main_5938498/59384981367.20260325100402.jpg,,,
구운김톡,농업회사법인오리온농협주식회사,https://shopping-phinf.pstatic.net/main_5803165/58031657732.20251205100601.jpg,,,
구운감자,해태제과식품(주),https://shopping-phinf.pstatic.net/main_5746858/57468580705.7.jpg,,,
고소한 맛짱(달콤고소한맛),미찌푸드(주),https://shopping-phinf.pstatic.net/main_5331658/53316585003.20250303113500.jpg,,,
고소한 땅콩샌드,(주)크라운제과,https://shopping-phinf.pstatic.net/main_5954874/59548743959.20260406015440.jpg,,,
고구마형과자,(주)코스모스제과,https://www.csms.co.kr/wp-content/uploads/2022/09/down%EA%B3%A0%EA%B5%AC%EB%A7%88%ED%98%95%EA%B3%BC%EC%9E%90-60g.jpg,,,
계란과자 치즈,(주)청우식품,https://m.kakamuka.com/web/product/big/202601/e50a615f73991cf470b94f2bb6c2cb3c.jpg,,,
해태 딸기웨하스,해태제과식품(주),https://shopping-phinf.pstatic.net/main_8344370/83443703749.1.jpg,,,
simplus 콘칩,(주)코스모스제과,https://shopping-phinf.pstatic.net/main_5413579/54135795792.20250413024215.jpg,,,
simplus 맛새우칩,(주)코스모스제과,https://shopping-phinf.pstatic.net/main_5432746/54327462131.20250421180316.jpg,,,
ABC초코쿠키 스트로베리&초코,롯데웰푸드(주),https://shopping-phinf.pstatic.net/main_5843325/58433255558.20260108225100.jpg,,,
ABC초코쿠키 꿀고구마,롯데웰푸드(주),https://image.homeplus.kr/td/15b8ad5d-4fe6-4db9-ad3b-d8a4061ee0f2,,,
13곡 버터와플,(주)삼아인터내셔날,https://shopping-phinf.pstatic.net/main_5871019/58710197400.jpg,,,
흑미하임,(주)크라운제과,https://shopping-phinf.pstatic.net/main_5079805/50798057858.20241012000101.jpg,,,
후렌치파이딸기,해태제과식품(주),https://shopping-phinf.pstatic.net/main_5719573/57195733937.jpg,,,
후렌치파이 크랜베리,해태제과식품(주),https://shopping-phinf.pstatic.net/main_5911553/59115539329.20260302112028.jpg,,,
후렌치파이 샤인머스캣,해태제과식품(주),https://shopping-phinf.pstatic.net/main_9015510/90155103020.jpg,,,
후렌치파이 쁘띠 초코,해태제과식품(주),https://img.danuri.io/catalog-image/016/927/073/c2a6bf603e8d4f9a91a391b37bb4bff6.jpg?_v=20260504115636&shrink=360:360,,,
후렌치파이 블랙커런트,해태제과식품(주),https://shopping-phinf.pstatic.net/main_9052349/90523495526.jpg,,,
후레쉬베리 딸기바나나,(주)오리온 제2익산공장,https://shopping-phinf.pstatic.net/main_5390405/53904054229.jpg,,,
화이트엔젤 mini 팝핑스타,해태제과식품(주)천안2공장,https://shopping-phinf.pstatic.net/main_5929665/59296654619.jpg,,,
서주 홈앤키즈 칼슘웨하스 딸기,서주제과㈜,https://shopping-phinf.pstatic.net/main_5323078/53230785705.20250226154300.jpg,,,
서주 홈앤키즈 초유웨하스 바닐라,서주제과㈜,https://shopping-phinf.pstatic.net/main_5550003/55500035122.20250626151830.jpg,,,
홈런볼 초코&소금우유 2MIX,해태제과식품(주),https://shopping-phinf.pstatic.net/main_5983332/59833320052.jpg,,,
호라산밀뻥,동서제과,https://shopping-phinf.pstatic.net/main_5573220/55732201151.20260303134657.jpg,,,
현미국산쑥모나카,(주)청우식품,https://shopping-phinf.pstatic.net/main_5856430/58564307041.20260118215623.jpg,,,
현미 국산팥 모나카,(주)청우식품,https://shopping-phinf.pstatic.net/main_5980973/59809730703.20260426202456.jpg,,,
현미 국산깨 모나카,(주)청우식품,https://shopping-phinf.pstatic.net/main_5680387/56803879636.20250919230450.jpg,,,
허니자색고구마스낵,(주)광일식품,https://shopping-phinf.pstatic.net/main_5981784/59817847200.jpg,,,
허니버터구운미니바게트,(주)광일식품,https://shopping-phinf.pstatic.net/main_5960294/59602940464.jpg,,,
허니버터 프레즐,주식회사위너스,https://shopping-phinf.pstatic.net/main_5874266/58742667917.20260201021330.jpg,,,
허니버터 팝콘,(주)바프,https://shopping-phinf.pstatic.net/main_5563164/55631642625.20250704191554.jpg,,,
허니바나나맛에이치비엠칩스,(주)델토리,https://shopping-phinf.pstatic.net/main_5797884/57978844536.20251201124956.jpg,,,
허니갈릭 트위스트,미찌푸드 주식회사,https://shopping-phinf.pstatic.net/main_9074161/90741610469.1.jpg,,,
한입참짱이야,(주)코스모스제과,https://shopping-phinf.pstatic.net/main_5326331/53263315245.20250228094630.jpg,,,
한입참누룽지스낵,(주)코스모스제과,https://shopping-phinf.pstatic.net/main_5574808/55748085242.jpg,,,
한입참꽈배기,(주)코스모스제과,https://st.kakaocdn.net/shoppingstore/product/20250602091507_61c5fefcdf9a4344a55a0ab7f2694b1d.jpg,,,
한끼바 치즈맛,(주)오리온 제2익산공장,https://shopping-phinf.pstatic.net/main_5964537/59645379048.20260413153006.jpg,,,
한글과자 초코맛,(주)오리온제4청주공장,https://shopping-phinf.pstatic.net/main_9006505/90065056249.1.jpg,,,
한글과자 마늘맛,(주)오리온제4청주공장,https://thumbnail.coupangcdn.com/thumbnails/remote/492x492ex/image/vendor_inventory/image_audit/stage/manual/e073d47f176a99b4e1de3c765ca690c4601373c4dc1501cb30c523cc1e01_1773129809623.png,,,
하림 오!늘단백 밀크초코 카라멜 바,(주)삼아인터내셔날,https://shopping-phinf.pstatic.net/main_5976641/59766414973.jpg,,,
틈새나쵸,(주)델토리,https://shopping-phinf.pstatic.net/main_8943778/89437786754.jpg,,,
픽셀리 치즈별콘,(주)델토리,https://shopping-phinf.pstatic.net/main_5807402/58074020706.20251209104451.jpg,,,
피크민 꽃모양스낵,(주)델토리,https://shopping-phinf.pstatic.net/main_8973209/89732093832.jpg,,,
삼아 미니 피스타치오 웨하스,(주)삼아인터내셔날,https://shopping-phinf.pstatic.net/main_5934153/59341531764.jpg,,,
플레인계란과자,(주)청우식품,https://img.danuri.io/catalog-image/199/843/004/2f336251218f409b924ca4f76f6c3eb8.jpg?_v=20260407233343,,,
플랑 파인애플,(주)청우식품,https://shopping-phinf.pstatic.net/main_5503677/55036770778.20250530192431.jpg,,,
프로킷,서주푸드주식회사,https://thumbnail.coupangcdn.com/thumbnails/remote/492x492ex/image/vendor_inventory/730a/0ea80269bad545e1d25e7b5755fd6e49c7c9e58568c58e2e25896929054d.png,,,
프로틴 칩 허니갈릭맛,(주)에스디씨,https://shopping-phinf.pstatic.net/main_5962532/59625321707.jpg,,,
프로틴 칩 콰트로치즈맛,(주)에스디씨,https://shopping-phinf.pstatic.net/main_5368857/53688574991.jpg,,,
프로틴 칩 콘소메맛,(주)에스디씨,https://shopping-phinf.pstatic.net/main_5322625/53226259597.20250226093103.jpg,,,
프로틴 칩 칠리바베큐맛,(주)에스디씨,https://shopping-phinf.pstatic.net/main_5322626/53226264627.20250226100312.jpg,,,
프로틴 칩 어니언랜치맛,(주)에스디씨,https://shopping-phinf.pstatic.net/main_5368858/53688585944.jpg,,,
프로틴 칩 명란마요맛,(주)에스디씨,https://shopping-phinf.pstatic.net/main_5368851/53688517255.jpg,,,
프레첼 믹스 바질토마토피자맛,주식회사위너스,https://shopping-phinf.pstatic.net/main_5889463/58894637729.20260212023012.jpg,,,
자이언츠 피카츄 냐냐,(주)델토리,https://image.coupangcdn.com/image/vendor_inventory/image_audit/prod/88f66512-c020-4d8f-8b7a-2a02e0bf0de8_fixing_v2.png,,,
포테토칩 잭슨페퍼로니맛,(주)농심,https://shopping-phinf.pstatic.net/main_8788131/87881314116.jpg,,,
포테토칩 K-양념치킨맛,(주)농심,https://shopping-phinf.pstatic.net/main_5719921/57199211164.20260318095422.jpg,,,
포테이토칩 트러플맛,(주)코스모스제과,https://www.csms.co.kr/wp-content/uploads/2021/03/600x600%ED%8F%AC%ED%85%8C%EC%9D%B4%ED%86%A0%EC%B9%A9-%ED%8A%B8%EB%9F%AC%ED%94%8C%EB%A7%9B.jpg,,,
포키딸기,해태제과식품(주),https://shopping-phinf.pstatic.net/main_5172399/51723996694.jpg,,,
포카칩 페퍼,(주)오리온제4청주공장,https://shopping-phinf.pstatic.net/main_8927351/89273515100.1.jpg,,,
포카칩 버터감자맛,(주)오리온제4청주공장,https://shopping-phinf.pstatic.net/main_5581368/55813682049.20250716092355.jpg,,,
페퍼로니피자맛팝콘,(주)바프,https://shopping-phinf.pstatic.net/main_5937889/59378898295.20260325005459.jpg,,,
팬케이크,(주)청우식품,https://img.danuri.io/catalog-image/331/181/030/b405b506657c4a5f86ef7ac7b97c2a1d.jpg?_v=20260415164249,,,
팝콘 김치시즈닝맛,(주)바프,https://shopping-phinf.pstatic.net/main_5816486/58164863281.20251216221958.jpg,,,
파파크래커,(주) 청우식품,https://image.homeplus.kr/td/a16cce8c-9871-4dc7-966c-eeb124106de3,0(틀림),,
파주장단콩으로만든두부과자야채맛,(주)코스모스제과,https://shopping-phinf.pstatic.net/main_8802661/88026618791.jpg,0(틀림)(손나옴),,
파래김맛팝콘,(주)바프,https://shopping-phinf.pstatic.net/main_5470928/54709283576.20250511201848.jpg,,,
팅클별 매콤달콤,(주)델토리,https://shopping-phinf.pstatic.net/main_5658285/56582855224.jpg,,,
서주 티젠 티오마카세 호지차 웨하스,서주푸드 주식회사,https://shopping-phinf.pstatic.net/main_5898066/58980663850.jpg,,,
서주 티젠 티오마카세 얼그레이 웨하스,서주푸드 주식회사,https://shopping-phinf.pstatic.net/main_5978802/59788020483.jpg,,,
티젠 티오마카세 얼그레이 아몬드 와플,서주푸드 주식회사,https://shopping-phinf.pstatic.net/main_5908266/59082661164.20260227223202.jpg,,,
서주 티젠 티오마카세 말차 웨하스,서주푸드 주식회사,https://shopping-phinf.pstatic.net/main_5882562/58825629871.jpg,,,
통아몬드 고구마 쿠키,한울 농업회사법인 주식회사,https://shopping-phinf.pstatic.net/main_5979018/59790185200.20260424203622.jpg,,,
아이얌 촉촉한 두부와플 감자,(주)삼아인터내셔날,https://shopping-phinf.pstatic.net/main_5523048/55230485277.20250610153704.jpg,,,
해태 크림웨하스,해태제과식품(주)천안2공장,https://shopping-phinf.pstatic.net/main_5323048/53230489724.20250226153217.jpg,,,
해태 미니 크림 웨하스,해태제과식품(주),https://shopping-phinf.pstatic.net/main_5938648/59386485284.20260325140614.jpg,,,
크레오파트라 솔트앤김,(주)농심,https://shopping-phinf.pstatic.net/main_5814422/58144228968.jpg,,,
크라운츄러스,(주)크라운제과,https://shopping-phinf.pstatic.net/main_8344376/83443769845.2.jpg,,,
크라운못말리는신짱,미찌푸드(주),https://shopping-phinf.pstatic.net/main_5954852/59548526762.20260406011518.jpg,,,
크라운C콘칲,(주)크라운제과 아산공장,https://shopping-phinf.pstatic.net/main_8723077/87230772890.1.jpg,,,
쿠크다스 말차에디션,(주)크라운제과,https://shopping-phinf.pstatic.net/main_5873993/58739939675.20260131172212.jpg,,,
콤비네이션피자맛팝콘,(주)바프,https://shopping-phinf.pstatic.net/main_5537839/55378391973.jpg,,,
콘치 치즈크림,(주)크라운제과,https://shopping-phinf.pstatic.net/main_5958188/59581885641.jpg,,,
콘스프칩990,(주)델토리,https://shopping-phinf.pstatic.net/main_5026583/50265833770.3.jpg,,,
컴포트잇츠이너프 시리얼 브렉퍼스트바,(주)삼아인터내셔날,https://shopping-phinf.pstatic.net/main_5853086/58530863152.jpg,,,
칸쵸 멜론,롯데웰푸드(주),https://shopping-phinf.pstatic.net/main_5663029/56630297430.20250907182426.jpg,,,
카카오비스킷 오리온샌드 까메오 White cream,(주)오리온,https://img.danuri.io/catalog-image/053/518/006/336186f5b01e4238a1ab276cd974a2e3.jpg?_v=20260407210303,,,
롯데 카스타드모닝밀,롯데제과(주),https://shopping-phinf.pstatic.net/main_5794160/57941607273.20251128141619.jpg,,,
롯데 카스타드 스트로베리&요거트,롯데웰푸드 주식회사,https://shopping-phinf.pstatic.net/main_9057997/90579975594.jpg,,,
카라멜솔티드프레첼,(주)바프원주공장,https://shopping-phinf.pstatic.net/main_5771552/57715521039.jpg,,,
카라멜&치즈팝콘,(주)바프,https://shopping-phinf.pstatic.net/main_5957755/59577553117.20260408013409.jpg,,,
치토스매콤달콤한맛,롯데웰푸드주식회사,https://shopping-phinf.pstatic.net/main_5334996/53349963883.20250304114502.jpg,,,
치토스 돌아온 체스터 쿵 새콤달콤 딸기맛,(주)에스디씨,https://ibabynews.com/news/photo/202505/131369_86585_1445.jpg,,,
치즈양파맛팝콘,(주)바프,https://encrypted-tbn0.gstatic.com/images?q=tbn:ANd9GcQO7h10FJeae-ROq2yGlUJ-xnX8tOxSpYbaSA&s,,,
치즈샌드Rich,(주)크라운제과,https://shopping-phinf.pstatic.net/main_5672188/56721888684.20250914003233.jpg,,,
치즈 소프트콘,(주)코스모스제과,https://shopping-phinf.pstatic.net/main_8391570/83915702018.2.jpg,,,
치즈 블랙빈나쵸,미찌푸드주식회사,https://shopping-phinf.pstatic.net/main_5878384/58783843971.jpg,,,
츄러스짱구,삼양식품㈜,https://shopping-phinf.pstatic.net/main_4793733/47937336970.20240523212305.jpg,,,
초코파이 정 바나나,㈜오리온 제4청주공장,https://img.danawa.com/prod_img/500000/755/252/img/12252755_1.jpg?shrink=360:360&_v=20260227065633,,,
초코몽실,(주)코스모스제과,https://shopping-phinf.pstatic.net/main_5908320/59083202480.20260228013939.jpg,,,
초코먹은 공룡,(주) 청우식품,https://shopping-phinf.pstatic.net/main_5956383/59563836241.20260406222740.jpg,,,
초코말차쿠키,(주)대산후드,https://shopping-phinf.pstatic.net/main_5964700/59647005601.20260418010357.jpg,,,
체다치즈팝콘,(주)바프,https://shopping-phinf.pstatic.net/main_5930372/59303727020.jpg,,,
체다치즈볼990,(주)에스디씨,https://shopping-phinf.pstatic.net/main_5322626/53226260424.20250226093252.jpg,,,
청양마요맛 새우칩,미찌푸드 주식회사,https://shopping-phinf.pstatic.net/main_5321070/53210700266.20250225135602.jpg,1,,
참기름반들기름반 생생감자칩,해태가루비(주)제2공장,https://shopping-phinf.pstatic.net/main_5836316/58363166466.20260102145857.jpg,,,
찰호떡쿠키,(주)청우식품,https://shopping-phinf.pstatic.net/main_5296259/52962594483.jpg,,,
착한 콘칩,미찌푸드주식회사,https://shopping-phinf.pstatic.net/main_5881713/58817136587.20260206000153.jpg,,,
찍먹 오!감자 버터갈릭감자튀김맛,(주)오리온제4청주공장,https://shopping-phinf.pstatic.net/main_5896899/58968991722.jpg,,,
쫀득감자떡쿠키,(주)청우식품,https://shopping-phinf.pstatic.net/main_5732876/57328765507.20251022174254.jpg,,,
짱스낵,(주)코스모스제과,https://shopping-phinf.pstatic.net/main_5324635/53246353996.20250227101240.jpg,,,
제트콘 김와사비맛,(주)광일식품,https://shopping-phinf.pstatic.net/main_5936439/59364390348.20260323173429.jpg,,,
제트콘,(주)광일식품,https://shopping-phinf.pstatic.net/main_5740760/57407605425.jpg,,,
제크 마일드로스티드갈릭,롯데웰푸드(주),https://shopping-phinf.pstatic.net/main_5574772/55747720295.20250726001253.jpg,,,
제주오메기떡파이,(주)청우식품,https://shopping-phinf.pstatic.net/main_8364724/83647243344.11.jpg,,,
서주 제주바나나농장 바나나 웨하스,서주제과(주),https://shopping-phinf.pstatic.net/main_8984919/89849193737.jpg,,,
제주감귤타르트,(주)청우식품,https://shopping-phinf.pstatic.net/main_8272643/82726434932.6.jpg,,,
저당 초코 사브레,(주)삼아인터내셔날,https://shopping-phinf.pstatic.net/main_5683097/56830974712.20250921011816.jpg,,,
저당 땅콩 사브레,(주)삼아인터내셔날,https://shopping-phinf.pstatic.net/main_5941045/59410456680.jpg,,,
작은별흑임자라떼맛,(주)델토리,https://shopping-phinf.pstatic.net/main_5714975/57149755517.20251010111758.jpg,,,
자유시간 마블누가 딸기맛 Mini,해태제과식품(주)천안2공장,https://shopping-phinf.pstatic.net/main_5616010/56160109439.jpg,,,
자색고구마와플,(주)삼아인터내셔날,https://shopping-phinf.pstatic.net/main_5837738/58377386179.20260104015115.jpg,,,
자색 군고구마스틱,(주)청우식품,https://shopping-phinf.pstatic.net/main_8944914/89449147529.jpg,,,
자갈치문어맛,(주)농심,https://shopping-phinf.pstatic.net/main_5349222/53492229119.20250721150003.jpg,,,
자가비 핫트러플맛,해태가루비(주),https://shopping-phinf.pstatic.net/main_5791703/57917037758.20251126093428.jpg,,,
자가비 짭짤한 맛,해태가루비(주),https://shopping-phinf.pstatic.net/main_5339431/53394317531.20250912123649.jpg,,,
자가비 오사쯔맛,해태가루비(주),https://shopping-phinf.pstatic.net/main_5803131/58031312942.20251205095243.jpg,,,
자가비 사워크림맛,해태가루비(주),https://shopping-phinf.pstatic.net/main_8915035/89150356092.jpg,,,
자가비 사라다맛,해태가루비(주),https://shopping-phinf.pstatic.net/main_5924370/59243702331.jpg,,,
자가비 바질크림치즈맛,해태가루비(주),https://shopping-phinf.pstatic.net/main_9024505/90245052534.1.jpg,,,
자가비 밀크쉐이크맛,해태가루비(주),https://shopping-phinf.pstatic.net/main_5970655/59706559403.jpg,,,
자가비 로제떡볶이맛,해태가루비(주),https://shopping-phinf.pstatic.net/main_5807398/58073989959.20251209102141.jpg,,,
자가비 들기름김맛,해태가루비(주),https://shopping-phinf.pstatic.net/main_5919229/59192297493.jpg,,,
이지프로틴 에너지단백질바,롯데웰푸드(주),https://shopping-phinf.pstatic.net/main_9024558/90245586167.1.jpg,,,
이지프로틴 식물성단백질바 미니,롯데웰푸드(주),https://shopping-phinf.pstatic.net/main_5447024/54470247558.jpg,,,
이지프로틴 식물성단백질바,롯데웰푸드(주),https://shopping-phinf.pstatic.net/main_5980930/59809300349.jpg,,,
이지프로틴 고단백질바 크리스피,(주)삼아인터내셔날,https://shopping-phinf.pstatic.net/main_5692764/56927645548.jpg,,,
우리아이 처음먹는 새우얌얌,(주)에스디씨,https://shopping-phinf.pstatic.net/main_5913160/59131606873.jpg,,,
우리아이 처음먹는 감자얌얌,(주)에스디씨,https://shopping-phinf.pstatic.net/main_5548208/55482082025.20250625102040.jpg,,,
우리쌀 대롱스낵,(주)광일식품,https://www.gwangilfood.com/bizdemo108807/component/board/board_2/u_image/44/639910448_EC868C_EC8C80EB8C80EBA1B1.png,,,
삼아 우리밀 초코웨하스,(주)삼아인터내셔날,https://shopping-phinf.pstatic.net/main_5824506/58245063892.20251223162304.jpg,,,
우리밀 참깨봉,(주)삼아인터내셔날,https://shopping-phinf.pstatic.net/main_5937439/59374395796.jpg,,,
삼아 우리밀보드레웨하스,(주)삼아인터내셔날,https://shopping-phinf.pstatic.net/main_4109962/41099623291.20230710182911.jpg,,,
우리밀로만든 와플,(주)삼아인터내셔날,https://shopping-phinf.pstatic.net/main_5903316/59033162934.20260224233328.jpg,,,
우리밀곡물와플,(주)삼아인터내셔날,https://shopping-phinf.pstatic.net/main_8955828/89558286644.jpg,,,
우리밀이 함유된 고구마형과자,(주)코스모스제과,https://shopping-phinf.pstatic.net/main_5932275/59322759827.jpg,,,
삼아 우리밀 함유 브랜웨하스 딸기맛,(주)삼아인터내셔날,https://shopping-phinf.pstatic.net/main_5935807/59358078646.jpg,,,
우리밀함유 고칼슘 버터와플,(주)삼아인터내셔날,https://shopping-phinf.pstatic.net/main_5828513/58285131952.20251228200034.jpg,,,
우리밀 딸기계란과자,(주)대산후드,https://shopping-phinf.pstatic.net/main_5964866/59648664647.20260414010128.jpg,,,
요아정 요거렛타,(주)델토리,https://shopping-phinf.pstatic.net/main_5761155/57611556225.jpg,,,
요미요미 미니팝 트리플 치즈,(주)에스디씨,https://shopping-phinf.pstatic.net/main_5546613/55466135867.20250624154507.jpg,,,
요미요미 미니팝 딸기 요거트,(주)에스디씨,https://shopping-phinf.pstatic.net/main_5546574/55465743247.20250624152300.jpg,,,
요미요미 미니팝 구운 옥수수,(주)에스디씨,https://shopping-phinf.pstatic.net/main_5546574/55465743061.20250624151356.jpg,,,
왕새우칩,미찌푸드(주),https://shopping-phinf.pstatic.net/main_5791702/57917021500.20251126092913.jpg,,,
왕고구마형스낵,(주)광일식품,https://shopping-phinf.pstatic.net/main_5341222/53412220207.20250307142211.jpg,,,
와사비마요팝콘,(주)바프,https://shopping-phinf.pstatic.net/main_5429807/54298072831.20250419211730.jpg,,,
옹골진오곡쿠키,(주)크라운제과,https://shopping-phinf.pstatic.net/main_8344370/83443704519.3.jpg,,,
서주 옳곡 피스타치오 웨하스,서주제과(주),https://shopping-phinf.pstatic.net/main_5791702/57917029459.20251126093118.jpg,,,
삼아 미니 웨하스 파인애플,(주)삼아인터내셔날,https://shopping-phinf.pstatic.net/main_5921777/59217772262.jpg,,,
옥수수팝,미성식품,https://shopping-phinf.pstatic.net/main_5954848/59548480467.20260406005849.jpg,,,
오 프라이스 콘칩,(주)코스모스제과,https://shopping-phinf.pstatic.net/main_5974985/59749854173.5.jpg,,,
오프라이스 콘칩 군옥수수맛,미찌푸드주식회사,https://shopping-phinf.pstatic.net/main_5770761/57707619567.20251110151535.jpg,,,
오프라이스 버터갈릭 새우칩,(주)코스모스제과,https://shopping-phinf.pstatic.net/main_5894173/58941739856.19.jpg,,,
오프라이스 나쵸칩 할라피뇨,미찌푸드주식회사,https://shopping-phinf.pstatic.net/main_5770710/57707103027.20251110150836.jpg,,,
오징어게임 달고나 쿠키,(주)대산후드,https://shopping-phinf.pstatic.net/main_5811254/58112545744.20251212093013.jpg,,,
삼아 미니 오리온 웨하스 바닐라맛,(주)삼아인터내셔날,https://shopping-phinf.pstatic.net/main_5965768/59657680085.20260414120853.jpg,,,
삼아 미니 오리온 웨하스 딸기맛,(주)삼아인터내셔날,https://shopping-phinf.pstatic.net/main_8921272/89212722574.jpg,,,
오늘좋은 팬케이크,(주)청우식품,https://shopping-phinf.pstatic.net/main_5977686/59776865128.20260423235803.jpg,,,
오늘좋은 종합과자,(주)청우식품,https://shopping-phinf.pstatic.net/main_5970415/59704150625.jpg,,,
오늘좋은 먹태칩,(주)델토리,https://shopping-phinf.pstatic.net/main_5331613/53316137032.20250303093625.jpg,,,
옛날떡볶이맛팝콘,(주)바프,https://shopping-phinf.pstatic.net/main_5397844/53978447653.20250405184745.jpg,,,
에이스 플랫화이트맛,해태제과식품(주),https://shopping-phinf.pstatic.net/main_5781395/57813954752.20251119003849.jpg,,,
에이스 바스크치즈케이크맛,해태제과식품(주),https://shopping-phinf.pstatic.net/main_5861777/58617772143.20260122214901.jpg,,,
어썸 솔트페퍼,(주)크라운제과 아산공장,https://shopping-phinf.pstatic.net/main_5873862/58738624783.jpg,,,
어니언치즈맛팝콘,(주)바프,https://shopping-phinf.pstatic.net/main_5816492/58164921562.20251216233930.jpg,,,
아이얌 한입쏙 치즈볼,(주)청우식품,https://shopping-phinf.pstatic.net/main_5743195/57431958468.20251029150814.jpg,,,
아이얌 한입쏙 바나나볼,(주)청우식품,https://shopping-phinf.pstatic.net/main_5743208/57432086389.20251029151206.jpg,,,
아이얌 한입쏙 단호박볼,(주)청우식품,https://m.foodismall.com/web/product/small/202509/821b15d0c000f79e02551e0e92ca39cf.png,,,
아이얌 한입쏙 계란볼,(주)청우식품,https://shopping-phinf.pstatic.net/main_5743194/57431949360.20251029150622.jpg,,,
삼아 아이얌 칼슘웨하스 딸기,(주)삼아인터내셔날,https://shopping-phinf.pstatic.net/main_5938661/59386619190.20260325142058.jpg,,,
삼아 아이얌 초유웨하스 우유,(주)삼아인터내셔날,https://shopping-phinf.pstatic.net/main_5938661/59386619190.20260325142058.jpg,,,
아이얌 물고기친구들 비스킷,(주)청우식품,https://shopping-phinf.pstatic.net/main_5489568/54895686339.jpg,,,
아이얌 공룡 친구들 비스킷 치즈,(주)청우식품,https://shopping-phinf.pstatic.net/main_5731169/57311698596.20251021141349.jpg,,,
씬마늘바게트스낵,(주)광일식품,https://shopping-phinf.pstatic.net/main_5966379/59663797914.jpg,,,
씨솔트버터 소프트콘,(주)에스디씨,https://shopping-phinf.pstatic.net/main_5966246/59662466694.20260414231550.jpg,,,
쌀로만든 쌀로별 고소한맛,롯데웰푸드(주),https://shopping-phinf.pstatic.net/main_5788292/57882921720.jpg,,,
롯데 쌀 카스타드 우유크림맛,롯데웰푸드주식회사,https://shopping-phinf.pstatic.net/main_9027690/90276903655.jpg,,,
식자재왕 짱이야과자,(주)코스모스제과,https://shopping-phinf.pstatic.net/main_8764313/87643137330.jpg,,,
식자재왕 소라형과자,(주)코스모스제과,https://shopping-phinf.pstatic.net/main_8461161/84611616407.jpg,,,
식자재왕 고구마형과자,(주)코스모스제과,https://shopping-phinf.pstatic.net/main_8461151/84611511086.jpg,,,
스윙칩 스리라차소스맛,(주)오리온제4청주공장,https://shopping-phinf.pstatic.net/main_5337409/53374092836.20250305164548.jpg,,,
스윗트위스트과자,(주)코스모스제과,,,,
스위트콘 나쵸,미찌푸드주식회사,https://shopping-phinf.pstatic.net/main_5350836/53508368549.20250312141444.jpg,,,
찍먹양념치킨스낵,(주)델토리,https://shopping-phinf.pstatic.net/main_5808812/58088120382.20251210164609.jpg,,,
스마일쿠키,(주)대산후드,,,,
스낵24 초코콘,(주)코스모스제과,https://shopping-phinf.pstatic.net/main_5626535/56265350819.jpg,,,
순후추 나쵸,미찌푸드주식회사,https://shopping-phinf.pstatic.net/main_5815307/58153077809.23.jpg,,,
소프트콘 초코맛,(주)코스모스제과,https://shopping-phinf.pstatic.net/main_5339034/53390342865.20250306104940.jpg,,,
소금우유맛팝콘,(주)바프,https://static.megamart.com/product/image/1413/14139352/14139352_1_960.jpg,,,
생생감자칩 메이플버터맛,해태가루비(주) 제 2공장,https://shopping-phinf.pstatic.net/main_9039858/90398588543.jpg,,,
삼아 미니 샘스 밀크 웨하스,(주)삼아인터내셔날,https://shopping-phinf.pstatic.net/main_9001117/90011178750.1.jpg,,,
상하목장 유기농쌀과자 블루베리,(주)에스디씨,https://shopping-phinf.pstatic.net/main_5968755/59687553338.20260416103953.jpg,,,
상하목장 유기농쌀과자 딸기,(주)에스디씨,https://shopping-phinf.pstatic.net/main_5968764/59687641347.20260416104945.jpg,,,
사워크림 블랙빈나쵸,미찌푸드주식회사,https://shopping-phinf.pstatic.net/main_5878384/58783847936.jpg,,,
사브레 플랫화이트맛,해태제과식품(주)광주공장,https://shopping-phinf.pstatic.net/main_8838904/88389046225.2.jpg,,,
사르르쿵 치즈요거트,(주)에스디씨,https://shopping-phinf.pstatic.net/main_5335205/53352055164.20250304160134.jpg,,,
사르르쿵바나나,(주)에스디씨,https://shopping-phinf.pstatic.net/main_5341129/53411295387.20250307121657.jpg,,,
사르르쿵딸기,(주)에스디씨,https://shopping-phinf.pstatic.net/main_5335205/53352051013.20250304154901.jpg,,,
뽀또레몬,㈜크라운제과,https://shopping-phinf.pstatic.net/main_5238654/52386544858.20250311183047.jpg,,,
뻥뻥빠삭스낵,주식회사위너스,https://shopping-phinf.pstatic.net/main_5864837/58648375950.jpg,,,
빼빼빠삭스낵,주식회사위너스,https://msave.emart24.co.kr/cmsbo/upload/nHq/plu_image/500x500/8809304880538.JPG,,,
빵빠레 소프트스낵 초코우유맛,(주)에스디씨2공장,https://shopping-phinf.pstatic.net/main_5790554/57905544323.20251125154318.jpg,,,
빠다코코낫 로스티드 갈릭버터,롯데웰푸드(주),https://shopping-phinf.pstatic.net/main_5666847/56668474134.20250910153720.jpg,,,
비쵸비 딸기,(주)오리온제3익산공장,https://shopping-phinf.pstatic.net/main_5972364/59723646951.jpg,,,
비비고 버터오징어 김스낵,씨제이씨푸드주식회사,https://sitem.ssgcdn.com/79/51/15/item/1000628155179_i1_750.jpg,,,
비29,(주)농심,https://shopping-phinf.pstatic.net/main_9072874/90728749530.jpg,,,
블랙페퍼쉬림프 새우칩,미찌푸드 주식회사,https://shopping-phinf.pstatic.net/main_5320943/53209438556.20250225115716.jpg,,,
블랙김스낵 와사비,(주)코스모스제과,https://shopping-phinf.pstatic.net/main_5326337/53263376296.20250228103950.jpg,,,
블랙김스낵 오리지널,(주)코스모스제과,https://shopping-phinf.pstatic.net/main_5742385/57423859191.jpg,,,
붉은대게칩,미찌푸드주식회사,https://shopping-phinf.pstatic.net/main_8914428/89144289496.2.jpg,,,
불비빔냉면맛칩,(주)코스모스제과,https://shopping-phinf.pstatic.net/main_8962472/89624726445.jpg,,,
벌집핏자,(주)농심,https://shopping-phinf.pstatic.net/main_5337367/53373674070.20250305155029.jpg,,,
마카다미아 딸기쿠키,한울 농업회사법인 주식회사,https://shopping-phinf.pstatic.net/main_5877147/58771475220.20260202223244.jpg,,,
모프샌드 딸기스낵,(주)델토리,https://shopping-phinf.pstatic.net/main_9054204/90542046953.jpg,,,
8비트체다치즈팝콘,(주)제이앤이 아산공장,https://shopping-phinf.pstatic.net/main_5886438/58864382520.20260209171125.jpg,,,
콜트스윗솔티팝콘,(주)제이앤이 아산공장,https://shopping-phinf.pstatic.net/main_5849200/58492005511.20260113222751.jpg,,,
허니현미오란다,(주)광일식품,https://shopping-phinf.pstatic.net/main_5984593/59845937666.20260429185830.jpg,,,
베이비콘스낵,미찌푸드주식회사,https://shopping-phinf.pstatic.net/main_5702199/57021993322.20251001141040.jpg,,,
에너지바 저당,(주)오리온제4청주공장,https://shopping-phinf.pstatic.net/main_5747354/57473543321.20251031112213.jpg,,,
딸기잼스콘맛쿠키,(주)대산후드,https://shopping-phinf.pstatic.net/main_5984641/59846416229.20260429193320.jpg,,,
바삭달콤소라형스낵,(주)광일식품,https://shopping-phinf.pstatic.net/main_5789276/57892766156.3.jpg,,,
말차&카라멜 팝콘,(주)제이앤이아산공장,https://shopping-phinf.pstatic.net/main_5794500/57945001332.20251128211344.jpg,,,
그랑쉘 파인애플,(주)청우식품,https://shopping-phinf.pstatic.net/main_5671016/56710164512.20250912204517.jpg,,,
산도 밀크팝,(주)크라운제과,https://shopping-phinf.pstatic.net/main_5501999/55019999623.jpg,,,
타코야끼볼,주식회사삼진씨앤에프,https://content.foodspring.co.kr/vendor/3351/images/93_0016859492_r.jpg,,,
더블왕새우칩,미찌푸드주식회사,https://shopping-phinf.pstatic.net/main_5791702/57917021500.20251126092913.jpg,,,
아포카토맛쿠키,(주)대산후드,https://shopping-phinf.pstatic.net/main_5864576/58645762960.20260124234848.jpg,,,
마카다미아초코 쿠키,아틀리에아방,,,,
초코츄러스쿠키,(주)대산후드,https://daesanfood.co.kr/wp-content/uploads/kboard_thumbnails/12/202603/69b0ff98ac6fa5611908.jpg,,,
멜론동글쿠키,(주)대산후드,https://shopping-phinf.pstatic.net/main_5980921/59809212347.20260426182705.jpg,,,
마롱 코코아스낵,(주)델토리,https://tqklhszfkvzk6518638.edge.naverncp.com/product/8801728108205.jpg,,,
자가비 와사비소금맛,해태가루비(주),https://shopping-phinf.pstatic.net/main_5843930/58439300993.jpg,,,
카라멜치즈팝콘,(주)제이앤이,https://shopping-phinf.pstatic.net/main_5957755/59577553117.20260408013409.jpg,,,
뉴룽지,농업회사법인오리온농협(주),https://shopping-phinf.pstatic.net/main_8820549/88205493819.2.jpg,,,
브라운치즈러스크,주식회사한영식품,https://shopping-phinf.pstatic.net/main_8975896/89758960228.jpg,,,
A2치즈쿠키,(주)대산후드,https://shopping-phinf.pstatic.net/main_5588880/55888809209.jpg,,,
A2밀크쿠키,(주)대산후드,https://daesanfood.co.kr/wp-content/uploads/kboard_attached/9/202505/681429cd1f3ed4094364.png,,,
홈런볼 말차딸기,해태제과식품(주),https://shopping-phinf.pstatic.net/main_5341039/53410395109.20250307102908.jpg,,,
오!딸기,(주)오리온제5청주공장,https://images.emarteveryday.co.kr/images/app/webapps/evd_web2/share/SKU/mall/06/17/8801117391706_1.png,,,
통크 딸기,(주)오리온제3익산공장,https://img.danuri.io/catalog-image/280/375/076/d364ccff987e4a65aa456eb7a1c60267.jpg?_v=20260407211805&shrink=360:360,,,
스트로베리콘,(주)크라운제과아산공장,https://www.highwaymart.co.kr/Data/Upload/image/2503/N7SSW7I4JTJT.png,,,
달고나 초코칩쿠키,(주)대산후드,https://shopping-phinf.pstatic.net/main_5960255/59602559254.20260409155955.jpg,,,
땅콩카라멜 새우칩,(주)델토리,https://shopping-phinf.pstatic.net/main_5337111/53371110805.20250305114914.jpg,,,
고소한땅콩샌드,롯데제과(주),https://shopping-phinf.pstatic.net/main_5954874/59548743959.20260406015440.jpg,,,
직화짬뽕맛 프로틴칩,(주)제이앤이아산공장,https://tqklhszfkvzk6518638.edge.naverncp.com/product/8809027551548.jpg,,,
피스타치오 팝콘,(주)제이앤이아산공장,,,,
멜론송이,(주)오리온,https://img.danuri.io/catalog-image/925/086/059/d8e095242be24073870f8b83440da50d.jpg?_v=20260504115449,,,
뉴욕치즈버거맛팝콘,(주)바프,https://shopping-phinf.pstatic.net/main_5429854/54298541682.20250420012710.jpg,,,
빵부장소금빵,(주)농심,https://shopping-phinf.pstatic.net/main_5340978/53409782054.20250307092240.jpg,,,
칠리버터맛 콘칩,(주)코스모스제과,https://shopping-phinf.pstatic.net/main_5927771/59277710682.jpg,,,
립파이 초코,롯데웰푸드주식회사,https://shopping-phinf.pstatic.net/main_5836439/58364396534.jpg,,,
카라멜팝콘,(주)가렛코리아,,,,
콘소메맛팝콘,(주)제이앤이,https://shopping-phinf.pstatic.net/main_5558132/55581324293.20250701190704.jpg,,,
피넛칩쿠키,(주)오리온 제2익산공장,https://shopping-phinf.pstatic.net/main_5677626/56776265570.jpg,,,
르뱅쿠키,훼미리식품㈜,,,,
카라멜 러스크,킹스베이커리,https://shopping-phinf.pstatic.net/main_5534125/55341254580.20250617135704.jpg,,,
꼬깔콘군옥수수맛,롯데웰푸드주식회사,https://shopping-phinf.pstatic.net/main_5337469/53374691065.20250305173011.jpg,,,
알새우칩,(주)농심,https://shopping-phinf.pstatic.net/main_8345319/83453190272.2.jpg,,,
크림치즈타르트,(주)다옴베이크,,,,
초코청크로얄쿠키,(주)조이푸드,https://shopping-phinf.pstatic.net/main_8930895/89308954878.1.jpg,,,
두바이식초코쿠키,주식회사이웃집통통이,https://shopping-phinf.pstatic.net/main_5917768/59177686611.20260308011243.jpg,,,
구운고구마,해태제과식품(주),https://lottemartzetta.com/images-v3/932dcbc7-fca8-4d43-bcde-f73d1ce3cc7d/6e7a1bbb-884b-4048-8983-28b0b4c35fcb/500x500.jpg,,,
꼬깔콘고소한맛,롯데웰푸드주식회사,https://shopping-phinf.pstatic.net/main_5337451/53374517252.20260106102444.jpg,,,
맛동산,해태제과식품(주),https://shopping-phinf.pstatic.net/main_8343951/83439513572.3.jpg,,,
감자깡,(주)농심,https://shopping-phinf.pstatic.net/main_8344350/83443502755.3.jpg,,,
꿀꽈배기,"SHANDONG DINGXIAN FOOD CO.,LTD",https://shopping-phinf.pstatic.net/main_8344380/83443800325.3.jpg,,,
땅콩강정,영진식품,https://img.danawa.com/prod_img/500000/185/719/img/13719185_1.jpg?_v=20210326123229,,,
바나나킥,(주)농심,https://shopping-phinf.pstatic.net/main_8344375/83443756647.4.jpg,,,
백옥콘,미성식품,https://image.auction.co.kr/itemimage/4d/5d/a5/4d5da5b946.jpg,,,
버터와플,슈가레인,https://shopping-phinf.pstatic.net/main_5977743/59777438017.20260425005936.jpg,,,
야채크래커,(주)신흥제과,https://shopping-phinf.pstatic.net/main_9011046/90110462588.jpg,,,
오리온 카스타드,(주)오리온 제5청주공장,https://shopping-phinf.pstatic.net/main_5962011/59620117197.20260410175513.jpg,,,
오리온 카스타드,(주)오리온제4청주공장,https://shopping-phinf.pstatic.net/main_5962011/59620117197.20260410175513.jpg,,,
오징어땅콩,(주)오리온,https://shopping-phinf.pstatic.net/main_8764577/87645778180.jpg,,,
청우 왕소라형과자,(주)청우식품,https://sitem.ssgcdn.com/46/54/07/item/1000511075446_i1_750.jpg,1,,
코스모스 왕소라형과자,(주)코스모스제과,https://shopping-phinf.pstatic.net/main_8414587/84145877252.3.jpg,,,
초코칩쿠키,(주)한설당,https://shopping-phinf.pstatic.net/main_5960255/59602559254.20260409155955.jpg,,,
롯데 카스타드,롯데웰푸드(주),https://shopping-phinf.pstatic.net/main_8344349/83443493834.1.jpg,,,
매운맛콘칩,(주)코스모스제과,https://shopping-phinf.pstatic.net/main_5337107/53371074728.20250305114045.jpg,,,
짜장라면맛 고래밥,(주)오리온제2익산공장,https://shopping-phinf.pstatic.net/main_5638355/56383551317.jpg,,,
삼아 미니 웨하스 바닐라,(주)삼아인터내셔날,https://shopping-phinf.pstatic.net/main_5969121/59691217557.jpg,,,
삼아 미니 딸기 웨하스,(주)삼아인터내셔날,https://cdn.011st.com/11dims/resize/1000x1000/quality/75/11src/product/3534163203/B.jpg?465000000,,,
