품목명,제조사명,식품중량,중량(g),갯수(개),price,CU
후레쉬베리 요거트베리,(주)오리온 제2익산공장,336g,336,1,3870,
화이트하임,(주)크라운제과,47g,47,1,2500,
화이트쿠키 빼빼로,롯데웰푸드(주),37g,37,30,1580,
허니버터칩,해태가루비(주)제2공장,60g,60,1,1700,
해태 사브레,해태제과식품(주),252g,252,1,3600,
핫고래밥 매콤양념맛,(주)오리온 제2익산공장,56g,56,1,900,
프레첼허니향머스타드맛,㈜위너스,85g,85,1,940,
프레첼갈릭버터맛,(주)위너스,85g,85,1,1400,
프레첼 먹태 청양마요맛,주식회사 위너스,100g,85,1,1420,
포테토칩 오리지널,(주)농심,390g,390,1,3990,
포카칩 오리지널,(주)오리온,66g,66,1,1700,
포카칩 어니언맛,(주)오리온,66g,66,1,1700,
포스틱,(주)농심,156g,84,1,1700,
파로 저당 단백칩,(주)삼아인터내셔날,100g,45,1,3000,
통크 초코,(주)오리온,45g,45,1,1500,
옹실한 칠곡쿠키,(주)크라운제과,192g,216,1,3600,
쿠크슈몬 화이트,(주)크라운제과,289g,289,1,3980,
쿠크슈몬 커피,(주)크라운제과,289g,289,1,4400,
쿠쉬쿠쉬 크루아상맛,(주)오리온,197g,197,1,5000,
카라멜 메이플콘,(주)크라운제과,74g,74,1,1500,
치즈톡 달콤치즈맛,농업회사법인 오리온농협 주식회사,80g,80,1,1200,
치즈먹은 공룡,(주) 청우식품,100g,60,1,1300,
쵸코하임,(주)크라운제과,47g,284,1,4800,
참크래커,(주)크라운제과,56g,56,1,990,
참 알프스,(주)크라운제과,56g,59,1,860,
찰떡쿠키 오리지널,(주)청우식품,258g,215,1,4680,
쫄병 안성탕면맛,(주)농심,77g,77,1,990,
쫄병 숯불바베큐맛,(주)농심,82g,82,1,850,
쫄병 매콤한맛,(주)농심,82g,82,1,1180,
죠리퐁 마시멜로,(주)크라운제과,39g,35,1,850,
죠리퐁,(주)크라운제과,74g,74,1,1500,
조청유과,(주)농심,96g,96,1,1360,
제로 쿠앤크 샌드,롯데웰푸드(주),96g,96,1,1600,
쟈키쟈키,(주)빙그레,70g,70,1,1050,
자주 꾀돌이,광일제과,100g,90,1,1500,
인디안밥,(주)농심,83g,83,1,1550,
이지프로틴 고단백질 감자칩 소금빵맛,롯데웰푸드(주),50g,50,1,2520,
이지프로틴 고단백질 감자칩 매콤치즈맛,롯데웰푸드(주),50g,50,1,1300,
유자치즈케익,(주)청우식품,190g,190,1,3180,
우유먹은 공룡,(주) 청우식품,100g,60,1,1300,
옥수수 에이플러스콘,(주)광일식품,55g,55,1,562,
오징어톡 구운오징어맛,농업회사법인오리온농협(주),136g,136,1,2280,
오징어집(버터구이맛),(주)농심,78g,78,1,1360,
예감 볶은양파맛,(주)오리온,204g,204,1,2980,
예감,(주)오리온,192g,192,1,3580,
엄마손파이,롯데웰푸드주식회사,254g,254,1,6000,
양파링 오리지널,(주)농심,80g,80,1,1360,
야채타임,(주)빙그레,70g,70,1,1700,
쌀로칩 들기름 김맛,롯데웰푸드주식회사,50g,50,1,1700,
쌀떡볶이,(주)코스모스제과,870g,870,1,7800,
스낵24 두부과자,(주)코스모스제과,100g,42,1,700,
수미칩 오리지널,(주)농심,85g,85,1,2500,
서주 버터와플,서주제과(주),146g,146,1,2300,
서주 허쉬 헤이즐넛 와플,서주푸드주식회사,55g,55,1,1390,
서주 허쉬 솔티카라멜 와플,서주제과(주),55g,55,1,1480,
서주 포켓 웨하스 그릭요거트,서주제과(주),16.60g,16.6,1,500,
감자칩 케첩맛,해태가루비(주) 제 2공장,100g,90,1,3580,
새우깡,(주)농심,90g,90,1,1300,
빼빼로 더블리치 솔티바닐라,롯데웰푸드(주),40g,40,1,2600,
배배,(주)오리온,80g,80,1,1180,
바삭한 갈릭새우칩,미찌푸드(주),140g,155,1,2280,
서주 미니 웨하스 바닐라맛,서주제과(주),80g,70,1,850,
서주 미니 웨하스 딸기맛,서주제과(주),80g,70,1,850,
메론킥,(주)농심,60g,60,1,1700,
먹태깡 청양마요맛,(주)농심,60g,60,1,1300,
매운새우깡,(주)농심,90g,90,1,1500,
맛새우칩,(주)코스모스제과,56g,25,1,340,
말차하임,(주)크라운제과,284g,284,1,6300,
마라뿌린 치킨팝,농업회사법인 오리온농협 주식회사,60g,60,1,1300,
롯데샌드파인애플,롯데웰푸드(주),315g,315,1,4000,
두부스틱,(주)청우식품,220g,220,1,2900,
두부과자 콘소메맛,(주)코스모스제과,100g,100,1,1600,
두부과자 와사비맛,(주)코스모스제과,100g,100,1,1600,
두부과자 야채맛,(주)코스모스제과,100g,100,1,1600,
두부과자,(주)코스모스제과,150g,135,1,1300,
두바이 스타일 쵸코하임,(주)크라운제과,142g,142,1,4100,
꼬북칩 초코츄러스맛,(주)오리온,59g,80,1,1700,
델로스 카푸치노,(주)청우식품,315g,315,1,8000,
델로스 오리지날,(주)청우식품,315g,315,1,10970,
다이제 샌드 초코스프레드,(주)오리온 제2익산공장,98g,98,1,1260,
카라멜 프레첼,(주)삼아인터내셔날,110g,110,1,1900,
꿀먹은 튀긴 건빵,(주)코스모스제과,110g,110,1,990,
꾀돌이,광일제과,100g,40,1,350,
꽃게랑,(주)빙그레,70g,70,1,1700,
삼아 그린티 웨하스,(주)삼아인터내셔날,100g,100,1,6000,
그랑쉘 사과,(주)청우식품,195g,195,1,4800,
그랑쉘 딸기,(주)청우식품,195g,195,1,4680,
국산콩 두부과자,(주)코스모스제과,80g,80,1,1290,
구운양파,해태가루비(주),60g,60,1,1380,
고소미,(주)오리온,216g,216,1,2880,
고르곤졸라치즈소프트콘,(주)에스디씨,145g,150,1,1580,
고래밥 볶음양념맛,(주)오리온,46g,46,1,650,
고구마깡,(주)농심,83g,83,1,970,
계란과자,(주)청우식품,50g,40,1,656,
후렌치파이사과,해태제과식품(주),192g,192,1,5880,
후렌치파이 매실,해태제과식품(주),192g,192,1,8385,
후렌치파이 단밤,해태제과식품(주),192g,192,1,4880,
후레쉬베리 복숭아,(주)오리온,336g,336,1,5760,
후레쉬베리,(주)오리온 제2익산공장,360g,336,1,5760,
홈런볼 피스타치오&카라멜,해태제과식품(주),44g,44,1,2000,
홈런볼 소금우유,해태제과식품(주),49g,49,1,2000,
혼합강정,미성식품,5000g,5000,1,35620,
호박찹쌀약과,주식회사 한울제과,40g,40,1,900,
현미뻥,동서제과,6000g,1500,1,11800,
허니버터칩 Castle 갈릭브레드맛,해태가루비(주)제2공장,55g,55,1,650,
하비스트,롯데웰푸드(주),100g,100,1,1700,
하림 오!늘단백 밀크초코 피스타치오 바,(주)삼아인터내셔날,576g,576,1,21500,
플랑 납작복숭아,(주)청우식품,160g,160,1,4480,
플랑,(주)청우식품,160g,160,3,4480,
프레첼체다치즈맛,(주)위너스,85g,85,1,1200,
프레첼 사워크림어니언맛,주식회사 위너스,100g,85,1,1590,
포테토칩 먹태청양마요맛,(주)농심,50g,50,1,2600,
포키 블루베리,해태제과식품(주),41g,41,1,1900,
포키 극세 멜론,해태제과식품(주)천안2공장,41g,41,1,1690,
포카칩 스윗치즈맛,(주)오리온,60g,60,1,1700,
티젠 티오마카세 말차 와플,서주푸드 주식회사,110g,110,1,3770,
트위스트,(주)코스모스제과,100g,50,1,390,
트러플 감자칩,해태가루비(주) 제 2공장,60g,60,1,3100,
태양의 맛! 썬,농업회사법인오리온농협(주),64g,80,1,1700,
태양의 맛! 썬 갈릭바게트맛,농업회사법인오리온농협주식회사,80g,80,1,1375,
크레오파트라 솔트앤와사비,(주)농심,50g,50,1,2289,
크라운산도딸기,(주)크라운제과,161g,161,1,2250,
쿠크다스화이트,(주)크라운제과,72g,289,1,4580,
쿠크다스케이크,(주)크라운제과,140g,154,1,3040,
쿠크다스커피,㈜크레인제과,289g,289,1,3990,
쿠크다스 딸기,(주)크라운제과,289g,289,1,6380,
T STANDARD 콘칩,미찌푸드(주),730g,730,1,4580,
카카오와플,(주)삼아인터내셔날,72g,72,1,4000,
칙촉,롯데웰푸드주식회사,120g,120,1,1720,
치토스 스모키바베큐맛,롯데제과(주),82g,82,6,1380,
치즈뿌린 치킨팝,농업회사법인오리온농협(주),81g,81,1,2000,
촉촉한초코칩,(주)오리온제2익산공장,160g,320,1,4480,
초코칩쿠키 말차라떼맛,(주)오리온제2익산공장,104g,256,1,3440,
그린티포레 휘낭시에,깐깐제과,100g,,1,2100,
초이스엘 왕소라형 과자,(주)코스모스제과,53g,56,1,600,
체다치즈볼,(주)에스디씨,370g,370,2,8075,
찹쌀약과,한울제과,300g,40,1,530,
참깨스틱 진,(주)청우식품,85g,85,1,790,
참그레인 우리밀,(주)크라운제과,192g,192,1,5000,
찍먹 예감 치폴레마요소스맛,(주)오리온제2익산공장,76g,168,1,7500,
찍먹 예감 짜장불닭마요맛,(주)오리온제2익산공장,276g,276,1,7335,
찍먹 예감 불고기맛,(주)오리온제2익산공장,276g,276,1,7500,
찍먹 예감 갈릭청양마요소스맛,(주)오리온제2익산공장,76g,76,1,1600,
찍먹 나쵸 치폴레마요소스맛,(주)오리온제4청주공장,84g,168,1,2280,
쫄병 짜파게티맛,(주)농심,77g,77,1,1200,
쫀득초코칩딸기,(주)청우식품,240g,240,1,6510,
쫀득초코칩 커피,(주)청우식품,240g,200,1,4680,
쫀득초코칩 초코바나나,(주)청우식품,240g,240,1,3500,
짱이야,(주)코스모스제과,56g,50,1,550,
짱구,삼양식품(주)원주공장,115g,115,1,900,
제로 쿠앤크 샌드 스트로베리&밀크,롯데웰푸드(주),288g,288,1,2980,
제로 카카오 케이크,롯데웰푸드(주),171g,171,1,5200,
제로 초콜릿칩 쿠키,롯데제과㈜,168g,168,1,4980,
코스모스 두부과자,(주)코스모스제과,100g,112,1,1080,
자가비 허니버터맛,해태가루비(주),45g,45,1,4000,
자가비 케첩맛,해태가루비(주),90g,90,1,3580,
이마시야 광천 김 두부과자,(주)코스모스제과,100g,135,16,1053,
삼아 우유 웨하스,(주)삼아인터내셔날,350g,90,1,1180,
우리밀 샤르르와플,(주)삼아인터내셔날,80g,80,1,3000,
삼아 미니 우리밀 웨하스,(주)삼아인터내셔날,80g,300,1,7150,
왕짱구,삼양식품(주),250g,275,1,2880,
와사비새우깡,(주)농심,70g,70,1,1380,
옥수수깡,(주)농심,70g,70,6,980,
옥수수 고추맛콘,(주)광일식품,1000g,1000,1,7000,
옥수수 미니콘,(주)광일식품,50g,50,1,712,
오프라이스 나쵸칩 오리지널,미찌푸드주식회사,100g,100,10,2005,
오사쯔,해태제과식품(주),120g,60,1,850,
오리지널 나쵸,미찌푸드(주),190g,190,1,3000,
오리지널 콘칩,미찌푸드주식회사,90g,730,1,5490,
오리온 카스타드 딸기생크림,(주)오리온제4청주공장,276g,276,1,4780,
오란다,(주)광일식품,100g,1000,1,6400,
오뜨 치즈,(주)오리온,288g,288,1,4500,
찍먹 오!감자 양념바베큐소스맛,(주)오리온,75g,75,1,1700,
오!감자 감자그라탕맛,(주)오리온,115g,96,1,1980,
예감 치즈그라탕맛,(주)오리온,204g,204,1,3580,
에이스,해태제과식품(주),121g,121,1,890,
엄마손파이 스윗버터갈릭,롯데웰푸드주식회사,254g,254,1,7200,
양념치킨맛 새우칩,(주)코스모스제과,100g,25,1,340,
애플샌드,(주)크라운제과,91g,91,1,950,
쌀새우깡,(주)농심,80g,80,20,1280,
쌀강정,미성식품,5000g,330,1,3480,
식자재왕 트위스트과자,(주)코스모스제과,1000g,1000,1,9860,
스트로베리&밀크 빼빼로,롯데웰푸드(주),37g,37,1,1380,
스윙칩 볶음고추장맛,(주)오리온,60g,60,1,1360,
스모키베이컨칩,(주)빙그레,70g,70,1,1480,
스낵24 왕새우칩,(주)코스모스제과,100g,25,1,1000,
스낵24 辛쌀떡볶이,(주)코스모스제과,100g,42,1,530,
솔티드 라지 프레첼,주식회사 위너스,100g,1000,2,12990,
서주딸기웨하스,서주제과(주),50g,50,1,800,
서주 허쉬 초코 와플,서주푸드 주식회사,55g,55,1,1250,
서주 허쉬 제로슈가초코와플,서주푸드 주식회사,146g,146,1,5290,
서주 허쉬 감귤 와플,서주푸드주식회사,55g,55,2,570,
서주 포켓 허니버터 와플,서주제과(주),17g,17,1,350,
서주 포켓 웨하스 초코바나나,서주제과(주),16.60g,16.6,1,690,
서주 포켓 웨하스 초코,서주제과(주),16.60g,16.6,1,390,
생생감자칩 트러플크림파스타맛,해태가루비(주)제2공장,55g,55,1,1250,
생생감자칩 오사쯔맛,해태가루비(주)제2공장,55g,55,1,2000,
생생감자칩 스리라차마요맛,해태가루비(주)제2공장,55g,55,1,2190,
새우깡지퍼백,(주)농심,400g,400,1,4580,
새우깡블랙,(주)농심,80g,72,4,1300,
삼양 흰둥이짱구,삼양식품(주),70g,115,1,900,
사또밥,삼양식품(주)원주공장,67g,67,1,930,
뽀또치즈타르트,(주)크라운제과,92g,322,2,3260,
빵부장 말차빵,(주)농심,55g,55,1,1700,
빠다코코낫,롯데웰푸드(주),100g,100,1,1010,
비엔나 야채타임,(주)빙그레,60g,70,1,1500,
비비고 포테이토 김스낵,씨제이씨푸드(주),40g,40,1,3980,
비비고 스위트콘 김스낵,씨제이씨푸드(주),40g,40,1,3980,
비비고 김스낵 오리지널,씨제이씨푸드(주),36g,40,1,3980,
블랙페퍼구운미니바게트,(주)광일식품,100g,100,1,1450,
붕붕붕 꼬마버스 타요,해태제과식품㈜광주공장,140g,140,1,2860,
부드러운 두부와플,(주)삼아인터내셔날,16g,16,1,14000,
별뽀빠이,삼양식품(주),72g,72,1,500,
서주 미니 베리베리스트로베리 웨하스,서주제과(주),100g,100,1,6800,
버터와플 with 이즈니생메르 버터,(주)크라운제과,316g,316,1,8100,
버터앤쉘터 버터와플,서주제과(주),55g,55,1,930,
버터갈릭새우칩,(주)코스모스제과,64g,64,1,1420,
발효보리건빵,(주)청우식품,110g,320,6,2805,
밀크카라멜팝콘,(주)바프,100g,80,1,990,
미쯔블랙,(주)오리온,84g,42,1,500,
미니참깨스틱,(주) 청우식품,370g,370,1,3200,
삼아 미니 바닐라 웨하스,(주)삼아인터내셔날,80g,300,1,3580,
무뚝뚝 감자칩 통후추 소금맛,(주)오리온,60g,60,1,1850,
무뚝뚝 고구마칩,㈜오리온 제2 익산공장,56g,96,1,2780,
무뚝뚝 감자칩 올리브앤솔트맛,(주)오리온제2익산공장,92g,52,1,1600,
무뚝뚝 감자칩 갈릭솔트맛,(주)오리온 제2익산공장,106g,106,1,2400,
못말리는 신짱 가마솥 누룽지맛,미찌푸드 주식회사,100g,245,1,2720,
말차 프레첼,(주)삼아인터내셔날,100g,70,1,6000,
마켓오 크림치즈 브라우니,(주)오리온제2익산공장,240g,240,1,5280,
마가렛트 구운모카,롯데제과㈜,352g,352,8,6500,
롯샌 파스퇴르 순우유맛,롯데웰푸드(주),105g,105,1,1690,
카라멜콘 땅콩,주식회사위너스,100g,72,1,2400,
두부칩,(주)코스모스제과,100g,135,1,1400,
도리토스나쵸치즈맛,롯데웰푸드주식회사,84g,84,1,2560,
도도한나쵸 사워크림&어니언맛,(주)오리온제4청주공장,92g,92,1,1500,
도도한 나쵸 치즈맛,(주)오리온제4청주공장,155g,92,1,1500,
닭다리후라이드치킨,(주)농심,66g,66,1,1360,
닭다리핫숯불바베큐,(주)농심,66g,66,1,1360,
닭다리너겟,(주)농심,130g,130,1,2580,
단백질칩 칠리살사맛,(주)오리온제4청주공장,60g,60,1,1360,
단백질칩 버터구이오징어맛,(주)오리온제4청주공장,60g,60,1,1360,
다이제 샌드 바닐라&밀크,(주)오리온,70g,93,5,1160,
다이제,(주)오리온,351g,351,1,3280,
눈을감자 페퍼솔트맛,(주)오리온,113g,96,1,2720,
눈을감자 칠리치즈 프라이즈맛,(주)오리온제2익산공장,56g,56,1,1600,
눈을감자 블랙트러플맛,(주)오리온 제2익산공장,113g,96,1,2520,
누드 크림치즈 빼빼로,롯데제과(주),46g,,1,1450,
노브랜드 왕소라형과자,(주)코스모스제과,100g,250,1,1680,
노브랜드 고구마형과자,(주)코스모스제과,100g,250,1,1680,
피코크 나쵸칩 오리지널,미찌푸드(주),112g,100,10,2005,
나! 유자치즈크림맛,(주)오리온 제2익산공장,77g,77,1,930,
꽃게랑 불짬뽕,(주)빙그레,70g,70,4,1200,
꽃게랑 김,(주)빙그레,70g,70,1,1400,
꼬북칩 콘스프맛,(주)오리온제4청주공장,120g,120,1,1980,
꼬북칩 카라멜팝콘맛,(주)오리온제5청주공장,72g,108,1,1980,
꼬북칩 초코츄러스맛,(주)오리온 제5청주공장,481g,120,1,1980,
꼬북칩 말차초코맛,(주)오리온 제5청주공장,160g,104,1,1980,
구운김톡,농업회사법인오리온농협주식회사,80g,80,1,1100,
구운감자,해태제과식품(주),27g,27,30,525,
고소한 맛짱(달콤고소한맛),미찌푸드(주),280g,310,1,5860,
고소한 땅콩샌드,(주)크라운제과,93g,93,1,1600,
고구마형과자,(주)코스모스제과,125g,110,1,520,
계란과자 치즈,(주)청우식품,55g,55,1,990,
해태 딸기웨하스,해태제과식품(주),49g,50,1,1000,
simplus 콘칩,(주)코스모스제과,110g,60,1,1000,
simplus 맛새우칩,(주)코스모스제과,70g,65,1,1000,
ABC초코쿠키 스트로베리&초코,롯데웰푸드(주),130g,130,1,5100,
ABC초코쿠키 꿀고구마,롯데웰푸드(주),130g,130,1,3900,
13곡 버터와플,(주)삼아인터내셔날,72g,72,4,3850,
흑미하임,(주)크라운제과,142g,142,1,2680,
후렌치파이딸기,해태제과식품(주),192g,192,1,4190,
후렌치파이 크랜베리,해태제과식품(주),192g,192,1,3980,
후렌치파이 샤인머스캣,해태제과식품(주),192g,192,1,4380,
후렌치파이 쁘띠 초코,해태제과식품(주),179g,179,1,4690,
후렌치파이 블랙커런트,해태제과식품(주),192g,192,1,3490,
후레쉬베리 딸기바나나,(주)오리온 제2익산공장,336g,336,1,6000,
화이트엔젤 mini 팝핑스타,해태제과식품(주)천안2공장,138g,138,1,5000,
서주 홈앤키즈 칼슘웨하스 딸기,서주제과㈜,42g,50,1,650,
서주 홈앤키즈 초유웨하스 바닐라,서주제과㈜,42g,70,1,800,
홈런볼 초코&소금우유 2MIX,해태제과식품(주),131g,164,1,5500,
호라산밀뻥,동서제과,6000g,170,2,3000,
현미국산쑥모나카,(주)청우식품,104g,104,1,4100,
현미 국산팥 모나카,(주)청우식품,104g,104,6,4520,
현미 국산깨 모나카,(주)청우식품,104g,104,4,3680,
허니자색고구마스낵,(주)광일식품,120g,120,1,2200,
허니버터구운미니바게트,(주)광일식품,100g,120,1,1800,
허니버터 프레즐,주식회사위너스,10g,70,1,2000,
허니버터 팝콘,(주)바프,80g,80,4,1390,
허니바나나맛에이치비엠칩스,(주)델토리,72g,72,1,3750,
허니갈릭 트위스트,미찌푸드 주식회사,150g,150,1,2480,
한입참짱이야,(주)코스모스제과,340g,310,2,3900,
한입참누룽지스낵,(주)코스모스제과,230g,200,1,4900,
한입참꽈배기,(주)코스모스제과,350g,320,2,3500,
한끼바 치즈맛,(주)오리온 제2익산공장,40g,40,1,1200,
한글과자 초코맛,(주)오리온제4청주공장,50g,50,1,3790,
한글과자 마늘맛,(주)오리온제4청주공장,50g,100,2,3950,
하림 오!늘단백 밀크초코 카라멜 바,(주)삼아인터내셔날,576g,576,1,21500,
틈새나쵸,(주)델토리,75g,82,2,4760,
픽셀리 치즈별콘,(주)델토리,80g,80,1,2590,
피크민 꽃모양스낵,(주)델토리,76g,76,3,11730,
삼아 미니 피스타치오 웨하스,(주)삼아인터내셔날,180g,180,12,25490,
플레인계란과자,(주)청우식품,65g,55,1,1210,
플랑 파인애플,(주)청우식품,160g,160,1,3380,
프로킷,서주푸드주식회사,55g,55,8,12670,
프로틴 칩 허니갈릭맛,(주)에스디씨,40g,40,12,27900,
프로틴 칩 콰트로치즈맛,(주)에스디씨,40g,40,1,2700,
프로틴 칩 콘소메맛,(주)에스디씨,40g,40,6,14900,
프로틴 칩 칠리바베큐맛,(주)에스디씨,40g,40,1,2700,
프로틴 칩 어니언랜치맛,(주)에스디씨,40g,40,1,2700,
프로틴 칩 명란마요맛,(주)에스디씨,40g,40,1,2700,
프레첼 믹스 바질토마토피자맛,주식회사위너스,100g,85,6,17200,
자이언츠 피카츄 냐냐,(주)델토리,71g,71,1,2000,
포테토칩 잭슨페퍼로니맛,(주)농심,50g,105,1,2000,
포테토칩 K-양념치킨맛,(주)농심,50g,50,3,4020,
포테이토칩 트러플맛,(주)코스모스제과,120g,110,1,2090,
포키딸기,해태제과식품(주),41g,41,1,1150,
포카칩 페퍼,(주)오리온제4청주공장,60g,124,1,2720,
포카칩 버터감자맛,(주)오리온제4청주공장,110g,110,1,2780,
페퍼로니피자맛팝콘,(주)바프,100g,80,1,1390,
팬케이크,(주)청우식품,350g,350,1,7450,
팝콘 김치시즈닝맛,(주)바프,100g,80,1,1800,
파파크래커,(주) 청우식품,250g,200,2,8960,
파주장단콩으로만든두부과자야채맛,(주)코스모스제과,100g,80,8,12300,
파래김맛팝콘,(주)바프,100g,80,3,10390,
서주 티젠 티오마카세 호지차 웨하스,서주푸드 주식회사,100g,100,1,3980,
서주 티젠 티오마카세 얼그레이 웨하스,서주푸드 주식회사,100g,100,1,3980,
티젠 티오마카세 얼그레이 아몬드 와플,서주푸드 주식회사,110g,110,1,2990,
서주 티젠 티오마카세 말차 웨하스,서주푸드 주식회사,100g,100,1,4790,
통아몬드 고구마 쿠키,한울 농업회사법인 주식회사,50g,50,4,10110,
아이얌 촉촉한 두부와플 감자,(주)삼아인터내셔날,64g,64,1,2850,
해태 크림웨하스,해태제과식품(주)천안2공장,50g,50,10,9800,
해태 미니 크림 웨하스,해태제과식품(주),150g,150,1,2690,
크레오파트라 솔트앤김,(주)농심,60g,60,1,2140,
크라운츄러스,(주)크라운제과,40g,84,1,1000,
크라운못말리는신짱,미찌푸드(주),120g,120,1,1000,
크라운C콘칲,(주)크라운제과 아산공장,70g,70,10,10390,
쿠크다스 말차에디션,(주)크라운제과,289g,289,1,5980,
콤비네이션피자맛팝콘,(주)바프,100g,80,1,1390,
콘치 치즈크림,(주)크라운제과,66g,135,1,2480,
컴포트잇츠이너프 시리얼 브렉퍼스트바,(주)삼아인터내셔날,100g,150,2,21890,
칸쵸 멜론,롯데웰푸드(주),54g,54,1,1120,
롯데 카스타드모닝밀,롯데제과(주),210g,378,1,8640,
롯데 카스타드 스트로베리&요거트,롯데웰푸드 주식회사,378g,126,2,14500,
카라멜솔티드프레첼,(주)바프원주공장,100g,30,5,5490,
카라멜&치즈팝콘,(주)바프,100g,80,3,7900,
치토스매콤달콤한맛,롯데웰푸드주식회사,82g,164,1,1360,
치토스 돌아온 체스터 쿵 새콤달콤 딸기맛,(주)에스디씨,55g,110,6,25100,
치즈샌드Rich,(주)크라운제과,180g,45,1,1000,
치즈 블랙빈나쵸,미찌푸드주식회사,60g,60,1,990,
초코파이 정 바나나,㈜오리온 제4청주공장,444g,37,12,13900,ㅅㄱ
초코몽실,(주)코스모스제과,100g,22,20,12350,
초코먹은 공룡,(주) 청우식품,100g,60,1,1100,
초코말차쿠키,(주)대산후드,100g,,1,11900,
체다치즈팝콘,(주)바프,100g,80,5,12500,
체다치즈볼990,(주)에스디씨,75g,75,6,11180,
청양마요맛 새우칩,미찌푸드 주식회사,100g,100,3,9000,
참기름반들기름반 생생감자칩,해태가루비(주)제2공장,60g,60,1,1500,
찰호떡쿠키,(주)청우식품,215g,215,2,10600,
착한 콘칩,미찌푸드주식회사,65g,65,1,890,
찍먹 오!감자 버터갈릭감자튀김맛,(주)오리온제4청주공장,64g,64,1,4320,
쫀득감자떡쿠키,(주)청우식품,860g,215,1,4400,
제트콘 김와사비맛,(주)광일식품,90g,90,10,1230,
제트콘,(주)광일식품,200g,90,1,1230,
제크 마일드로스티드갈릭,롯데웰푸드(주),100g,300,1,4160,
제주오메기떡파이,(주)청우식품,200g,,1,6000,
서주 제주바나나농장 바나나 웨하스,서주제과(주),252g,,1,10000,
제주감귤타르트,(주)청우식품,240g,,1,8900,
저당 초코 사브레,(주)삼아인터내셔날,80g,150,2,7320,
저당 땅콩 사브레,(주)삼아인터내셔날,150g,150,1,1980,
작은별흑임자라떼맛,(주)델토리,85g,85,4,13640,
자유시간 마블누가 딸기맛 Mini,해태제과식품(주)천안2공장,408g,405,1,9250,
자색고구마와플,(주)삼아인터내셔날,360g,360,20,16000,ㅅㄱ
자색 군고구마스틱,(주)청우식품,200g,80,1,3210,
자갈치문어맛,(주)농심,90g,90,1,3780,
자가비 핫트러플맛,해태가루비(주),90g,90,1,4660,
자가비 짭짤한 맛,해태가루비(주),90g,90,1,2140,
자가비 오사쯔맛,해태가루비(주),45g,45,6,18480,
자가비 사워크림맛,해태가루비(주),45g,45,1,2700,
자가비 사라다맛,해태가루비(주),90g,90,1,2980,
자가비 바질크림치즈맛,해태가루비(주),45g,45,1,2750,
자가비 밀크쉐이크맛,해태가루비(주),45g,45,10,21740,
자가비 로제떡볶이맛,해태가루비(주),90g,90,1,4660,
자가비 들기름김맛,해태가루비(주),90g,90,1,4420,
이지프로틴 에너지단백질바,롯데웰푸드(주),40g,40,1,1150,
이지프로틴 식물성단백질바,롯데웰푸드(주),27g,27,12,38150,
이지프로틴 고단백질바 크리스피,(주)삼아인터내셔날,50g,50,1,1500,
우리아이 처음먹는 새우얌얌,(주)에스디씨,40g,40,4,17300,
우리아이 처음먹는 감자얌얌,(주)에스디씨,35g,35,2,8800,
우리쌀 대롱스낵,(주)광일식품,280g,200,1,1920,
삼아 우리밀 초코웨하스,(주)삼아인터내셔날,80g,80,1,2400,
우리밀 참깨봉,(주)삼아인터내셔날,90g,90,1,1780,
삼아 우리밀보드레웨하스,(주)삼아인터내셔날,80g,80,1,2400,
우리밀로만든 와플,(주)삼아인터내셔날,420g,84,2,7900,
우리밀곡물와플,(주)삼아인터내셔날,80g,80,3,15700,
우리밀이 함유된 고구마형과자,(주)코스모스제과,200g,200,1,3790,
삼아 우리밀 함유 브랜웨하스 딸기맛,(주)삼아인터내셔날,360g,18,1,8800,
우리밀함유 고칼슘 버터와플,(주)삼아인터내셔날,320g,16,1,11690,
우리밀 딸기계란과자,(주)대산후드,30g,50,1,2600,
요아정 요거렛타,(주)델토리,70g,76,1,2500,
요미요미 미니팝 트리플 치즈,(주)에스디씨,25g,25,1,2800,
요미요미 미니팝 딸기 요거트,(주)에스디씨,25g,25,1,2800,
요미요미 미니팝 구운 옥수수,(주)에스디씨,25g,25,1,2800,
왕새우칩,미찌푸드(주),27g,25,3,1933,
왕고구마형스낵,(주)광일식품,120g,270,6,12000,
와사비마요팝콘,(주)바프,100g,80,3,10510,
옹골진오곡쿠키,(주)크라운제과,288g,288,1,3400,
서주 옳곡 피스타치오 웨하스,서주제과(주),63g,63,1,2800,
삼아 미니 웨하스 파인애플,(주)삼아인터내셔날,190g,190,1,2590,
옥수수팝,미성식품,5000g,3500,1,22900,
오 프라이스 콘칩,(주)코스모스제과,170g,100,16,32900,
오프라이스 콘칩 군옥수수맛,미찌푸드주식회사,100g,100,16,32900,
오프라이스 버터갈릭 새우칩,(주)코스모스제과,100g,80,1,4300,
오프라이스 나쵸칩 할라피뇨,미찌푸드주식회사,100g,100,16,29900,
오징어게임 달고나 쿠키,(주)대산후드,170g,144,1,5900,
삼아 미니 오리온 웨하스 바닐라맛,(주)삼아인터내셔날,68g,68,10,2000,
삼아 미니 오리온 웨하스 딸기맛,(주)삼아인터내셔날,68g,68,1,2000,
오늘좋은 팬케이크,(주)청우식품,350g,350,2,18150,
오늘좋은 종합과자,(주)청우식품,350g,350,1,10850,
오늘좋은 먹태칩,(주)델토리,60g,50,10,15100,
옛날떡볶이맛팝콘,(주)바프,100g,80,5,7500,
에이스 플랫화이트맛,해태제과식품(주),121g,364,3,15400,
에이스 바스크치즈케이크맛,해태제과식품(주),121g,364,1,3990,
어썸 솔트페퍼,(주)크라운제과 아산공장,50g,50,1,2190,ㅅㄱ
어니언치즈맛팝콘,(주)바프,100g,45,12,10200,ㅅㄱ
아이얌 한입쏙 치즈볼,(주)청우식품,60g,60,1,5400,
아이얌 한입쏙 바나나볼,(주)청우식품,60g,60,1,5400,
아이얌 한입쏙 단호박볼,(주)청우식품,60g,60,1,5400,
아이얌 한입쏙 계란볼,(주)청우식품,60g,60,1,5400,
삼아 아이얌 칼슘웨하스 딸기,(주)삼아인터내셔날,36g,36,1,2300,
삼아 아이얌 초유웨하스 우유,(주)삼아인터내셔날,36g,36,1,4500,
아이얌 물고기친구들 비스킷,(주)청우식품,60g,50,14,2250,
아이얌 공룡 친구들 비스킷 치즈,(주)청우식품,60g,50,14,2250,
씬마늘바게트스낵,(주)광일식품,100g,100,1,1600,
씨솔트버터 소프트콘,(주)에스디씨,120g,120,1,5600,
쌀로만든 쌀로별 고소한맛,롯데웰푸드(주),78g,78,1,990,
롯데 쌀 카스타드 우유크림맛,롯데웰푸드주식회사,414g,23,18,8800,ㅅㄱ
식자재왕 짱이야과자,(주)코스모스제과,1100g,1100,1,10700,
식자재왕 소라형과자,(주)코스모스제과,1050g,1050,1,10000,
식자재왕 고구마형과자,(주)코스모스제과,1050g,1050,1,10000,
스윙칩 스리라차소스맛,(주)오리온제4청주공장,60g,60,1,2720,
스윗트위스트과자,(주)코스모스제과,100g,46,10,790,생각
스위트콘 나쵸,미찌푸드주식회사,60g,60,1,1780,
찍먹양념치킨스낵,(주)델토리,86g,105,1,2000,
스마일쿠키,(주)대산후드,6000g,800,161,11400,?
스낵24 초코콘,(주)코스모스제과,100g,22,30,1000,생각
순후추 나쵸,미찌푸드주식회사,60g,60,1,5800,
소프트콘 초코맛,(주)코스모스제과,100g,120,1,1580,
소금우유맛팝콘,(주)바프,100g,80,1,6270,
생생감자칩 메이플버터맛,해태가루비(주) 제 2공장,55g,55,1,2700,
삼아 미니 샘스 밀크 웨하스,(주)삼아인터내셔날,450g,450,51,18900,생각해봐야함
상하목장 유기농쌀과자 블루베리,(주)에스디씨,30g,30,1,3300,
상하목장 유기농쌀과자 딸기,(주)에스디씨,30g,30,1,3300,
사워크림 블랙빈나쵸,미찌푸드주식회사,60g,60,1,1370,
사브레 플랫화이트맛,해태제과식품(주)광주공장,140g,140,1,1680,
사르르쿵 치즈요거트,(주)에스디씨,23g,23,1,4200,
사르르쿵바나나,(주)에스디씨,23g,23,1,4200,
사르르쿵딸기,(주)에스디씨,23g,23,1,4200,
뽀또레몬,㈜크라운제과,322g,322,1,2980,
뻥뻥빠삭스낵,주식회사위너스,100g,60,1,1700,
빼빼빠삭스낵,주식회사위너스,100g,60,1,1700,
빵빠레 소프트스낵 초코우유맛,(주)에스디씨2공장,100g,100,1,5100,
빠다코코낫 로스티드 갈릭버터,롯데웰푸드(주),100g,100,1,1670,
비쵸비 딸기,(주)오리온제3익산공장,125g,125,1,3990,
비비고 버터오징어 김스낵,씨제이씨푸드주식회사,40g,40,1,4900,
비29,(주)농심,55g,55,1,1700,
블랙페퍼쉬림프 새우칩,미찌푸드 주식회사,155g,155,1,5050,
블랙김스낵 와사비,(주)코스모스제과,75g,75,1,2340,
블랙김스낵 오리지널,(주)코스모스제과,75g,75,1,2980,
붉은대게칩,미찌푸드주식회사,200g,200,1,2680,
불비빔냉면맛칩,(주)코스모스제과,100g,65,1,5600,
벌집핏자,(주)농심,90g,90,1,1700,1
마카다미아 딸기쿠키,한울 농업회사법인 주식회사,50g,,1,2900,1
모프샌드 딸기스낵,(주)델토리,72g,,1,2000,1
8비트체다치즈팝콘,(주)제이앤이 아산공장,65g,,1,1900,1
콜트스윗솔티팝콘,(주)제이앤이 아산공장,130g,,1,1900,1
허니현미오란다,(주)광일식품,90g,,1,1600,1
베이비콘스낵,미찌푸드주식회사,65g,,1,1700,1
에너지바 저당,(주)오리온제4청주공장,50g,50,1,1600,1
딸기잼스콘맛쿠키,(주)대산후드,100g,,1,2300,1
바삭달콤소라형스낵,(주)광일식품,120g,,1,1500,1
말차&카라멜 팝콘,(주)제이앤이아산공장,35g,35,1,1500,1
그랑쉘 파인애플,(주)청우식품,195g,195,1,5600,1
산도 밀크팝,(주)크라운제과,161g,161,1,2800,1
타코야끼볼,주식회사삼진씨앤에프,42g,,1,1700,1
더블왕새우칩,미찌푸드주식회사,55g,,1,1700,1
아포카토맛쿠키,(주)대산후드,135g,,1,2300,1
마카다미아초코 쿠키,아틀리에아방,950g,,1,2900,1
초코츄러스쿠키,(주)대산후드,100g,,1,2300,1
멜론동글쿠키,(주)대산후드,115g,,1,1800,1
마롱 코코아스낵,(주)델토리,70g,70,1,2000,1
자가비 와사비소금맛,해태가루비(주),45g,,1,2000,1
카라멜치즈팝콘,(주)제이앤이,70g,80,1,1700,1
뉴룽지,농업회사법인오리온농협(주),75g,75,1,1500,1
브라운치즈러스크,주식회사한영식품,100g,,1,1800,1
A2치즈쿠키,(주)대산후드,60g,,1,2000,1
A2밀크쿠키,(주)대산후드,100g,,1,2000,1
홈런볼 말차딸기,해태제과식품(주),46g,,1,2000,1
오!딸기,(주)오리온제5청주공장,55g,55,1,1700,1
통크 딸기,(주)오리온제3익산공장,45g,,1,1200,1
스트로베리콘,(주)크라운제과아산공장,120g,60,1,1700,1
달고나 초코칩쿠키,(주)대산후드,170g,,1,1800,1
땅콩카라멜 새우칩,(주)델토리,60g,,1,2000,1
고소한땅콩샌드,롯데제과(주),110g,,1,1600,1
직화짬뽕맛 프로틴칩,(주)제이앤이아산공장,50g,,1,2000,1
피스타치오 팝콘,(주)제이앤이아산공장,30g,30,1,1100,1
멜론송이,(주)오리온,50g,,1,1000,1
뉴욕치즈버거맛팝콘,(주)바프,100g,80,1,6120,1
빵부장소금빵,(주)농심,55g,55,1,1360,1
칠리버터맛 콘칩,(주)코스모스제과,100g,,1,1700,1
립파이 초코,롯데웰푸드주식회사,88g,132,1,4800,1
카라멜팝콘,(주)가렛코리아,230g,230,4,26000,1
콘소메맛팝콘,(주)제이앤이,60g,,1,1800,1
피넛칩쿠키,(주)오리온 제2익산공장,256g,256,2,6380,1
르뱅쿠키,훼미리식품㈜,120g,,1,1700,1
카라멜 러스크,킹스베이커리,150g,150,1,1990,1
꼬깔콘군옥수수맛,롯데웰푸드주식회사,67g,,1,1700,1
알새우칩,(주)농심,68g,68,1,1360,1
크림치즈타르트,(주)다옴베이크,58g,,1,2800,1
초코청크로얄쿠키,(주)조이푸드,70g,,1,1600,1
두바이식초코쿠키,주식회사이웃집통통이,30g,30,10,20200,1
구운고구마,해태제과식품(주),27g,27g,30,13650,1
꼬깔콘고소한맛,롯데웰푸드주식회사,67g,,1,1360,1
맛동산,해태제과식품(주),300g,70,1,1000,
감자깡,(주)농심,75g,75,1,1360,1
꿀꽈배기,"SHANDONG DINGXIAN FOOD CO.,LTD",500g,90,1,1700,1
땅콩강정,영진식품,5000g,,1,1600,1
바나나킥,(주)농심,75g,75,1,1360,1
백옥콘,미성식품,220g,190,10,15270,
버터와플,슈가레인,288g,190,10,15270,1
야채크래커,(주)신흥제과,80g,,1,1700,1
오리온 카스타드,(주)오리온 제5청주공장,690g,23,33,1251,
오리온 카스타드,(주)오리온제4청주공장,276g,23,12,4320,
오징어땅콩,(주)오리온,202g,80,1,1000,1
청우 왕소라형과자,(주)청우식품,160g,250,1,1680,
코스모스 왕소라형과자,(주)코스모스제과,130g,56,30,600,
초코칩쿠키,(주)한설당,100g,,1,1600,1
롯데 카스타드,롯데웰푸드(주),828g,230,1,3390,
매운맛콘칩,(주)코스모스제과,100g,34,1,380,
짜장라면맛 고래밥,(주)오리온제2익산공장,56g,56,1,1000,
삼아 미니 웨하스 바닐라,(주)삼아인터내셔날,190g,300,2,4875,
삼아 미니 딸기 웨하스,(주)삼아인터내셔날,145g,300,1,6180,
